Name,Barcode,Buy Price,Sell Price,Quantity,Category,Low Stock,Description,Supplier,Tax,Unit,Expiry Date
BETADINE SCRUB 4% FL125ML,100088,600,650,0,,,,,,,01/06/2027
PRIMOLUT-NOR 10MG CPR 30,10131,1250,1550,0,,,,,,,01/01/2030
AMAREL 2MG CPR BT30,100024,0,0,0,,,,,,,
DOLIPRANE 200MG SUPPO B10,10,0,500,0,,,,,,,
DOLIPRANE 1000MG CPR B8,11,380,450,0,,,,,,,
OFLOCET GTTS AURICULAIRE,3400936508569,0,0,0,,,,,,,
EFFERALGAN 150MG SUPP,7,0,0,0,,,,,,,
NURALGIL SP FL125ML,18,0,0,0,,,,,,,
ALVITYL PLUS CPR ENROBES,19,0,1550,0,,,,,,,
OROKEN 50MG/5ML SPR,27,0,0,0,,,,,,,
VITAMINE C 500MG A CPR,22,0,0,0,,,,,,,
NOVOMIX 30 FLEXPEN 100 I.UB1,20096,3200,3300,0,,,,,,,
ACTRAPID 40I.U/10ML,105690,650,800,0,,,,,,,
INSULINE MIXTARD 30 HM100UI/ML 1*1,100450,1400,0,0,,,,,,,
TETANUS ANTITOXIN 1500 I.U 1ML,20075,800,900,0,,,,,,,
NOVORAPID FLEXPEN 100IU,102475,3600,3700,0,,,,,,,
MIXTARD 30 FLEXPEN100I.U/3ML B1,25947,1450,1500,0,,,,,,,
LANTUS SOLOSTAR 100IU,205673,2750,2850,0,,,,,,,
POLYGYNAX CAPS VAGINALE 6,3085020,1030,1150,0,,,,,,,
PARACO-DENK 1000/6 MG B/10 SUPP,4031571048685,1420,1500,0,,,,,,,
BETADINE SOL DERMIQUE125ML,3149978,520,600,0,,,,,,,
BANDE GAZE LABELL 3MX10CM BOITE DE 10,BAND271,770,850,0,,,,,,,
ASCABIOL LOTION 125ML,3006902,1300,1300,0,,,,,,,
GENSIL SP F/100ML,87878,400,600,0,,,,,,,
TOT-HEMA AMP BUV 10ML 20,3107313,1350,1450,0,,,,,,,
DUSPATALIN 100MG 50DRJ,8699820120030,1190,1250,0,,,,,,,
CARBOSYLANE GELU AD BT2X24DOS,3273129,2790,2850,0,,,,,,,
DESLORA-DENK 5MG CPR BT/108,4031571061608,780,900,0,,,,,,,
AERIUS 5MG CPR 30,3400935656070,1430000,1900,0,,,,,,,
HALDOL 5MG CPR B/30,3208250,990000,1050,0,,,,,,,
PONSTYL 250MG 20 GELULES,3085244,1300000,1350,0,,,,,,,
IBUPROFENE IG 400MG CPR/10,04139751,320000,400,0,,,,,,,
DIFFU K-GELULE 600MG BT40,3290599,680000,950,0,,,,,,,
PRIMOLUT-NOR 5MG CPR SECABLE 30,105694,1650000,1700,0,,,,,,,
LEVOTHYROX 100MG CPR B/30,4347834000027,690000,700,0,,,,,,,
AUDISPRAY SOL AURICUL SPR50ML ADULTE,2087643,1800,1900,0,,,,,,,
AURICULARUM PDR+SOL AURIC 10ML 15,3400936401488,2400,2500,0,,,,,,,
OROKEN 100MG/5ML SUSP0,3587080002089,2800,2850,0,,,,,,,
OROKEN 40MG/5ML SUSP,3587080002096,1650,1750,0,,,,,,,
XILONE 5MG/5ML 100ML,622107,900,950,0,,,,,,,
NORFLOZOLE 100MG/1000MG/50,8906067080882,700,750,0,,,,,,,
DOPPELHERZ AKTIV RIBOSAN FL/100ML,29393,1050,1150,0,,,,,,,
DOPPELHERZ AKTIV THYMEPECT FOR KIDS COUGH SYRUP9,29592,1910,2010,0,,,,,,,
TETANUS ANTITOXIN 1500 I.U 1ML,2009952,750000,0,0,,,,,,,
ACTRAPID HM 100UI/ML,60637,1450000,0,0,,,,,,,
OTIPAX SOL QURIC GTT 16G,3279066,650000,0,0,,,,,,,
FASIGYNE CPR 500MG B/4,3179382,1230000,1750,0,,,,,,,
FLEXDOL BT/10 CPR,710053,750000,800,0,,,,,,,
GLUCOPHAGE 500MG BT30,3528167,400000,0,0,,,,,,,
GLUCOPHAGE CPR 1000MG BT30,3560171,1100000,1200,0,,,,,,,
DIAMICRON MR 60MG,8699552030089,1400,1850,0,,,,,,,
DIAMICRON MR 30MG/30TABLET,8699552030058,1440000,0,0,,,,,,,
LEVOTHYROX 25MCG CPR SECABLE 30,3319185,300000,0,0,,,,,,,
LEVOTHYROX 50MCG CP BT30,3478357,350000,450,0,,,,,,,
OMEPRAZOLE MYLAN 20MG BT/28,3632462,1050000,0,0,,,,,,,
BD MICRO FINE PLUS PEN NEEDLES 5MM,382903205905,5380,5500,0,,,,,,,
GLUCOSE INJ 5% 500ML,S010804,250,350,0,,,,,,,
CHLORURE DE SODIUM SOL PERF 500ML,S030804,250,350,0,,,,,,,
NORMACOL LAVEMENT AD 130ML,3130737,610,850,0,,,,,,,
OMEXIS INJ 40MG,8904387800937,500,650,0,,,,,,,
PRILIGY 30MG BT 3CPR0,3400922269269,10680,11000,0,,,,,,,
PERFUSEUR,MC005-003,100,100,0,,,,,,,
VITAMINE C CPR EFF 1GB/20,101555,370,420,0,,,,,,,01/10/2028
AKLOVIR 100 ML SUSP(ACICLOVIR ),150707,1100,1200,0,,,,,,,
AFTAGEL TUBE DE 15MLPOMM,101565,1050,1650,0,,,,,,,
OTRIVINE 0.5% ENF GTEFL/10ML,100659,400,500,0,,,,,,,
ADIARIL PDR SACHET 7GB/10,101024-10,2000,250,0,,,,,,,
RIVAMOX 250MG SUSPFL100ML,2261,400,500,0,,,,,,,
RIVAMOX 125MG/5ML(AMOXICLLIN) 100ML,150336,300,400,0,,,,,,,
CLAMOXYL 500MG BT/12,100140,500,0,0,,,,,,,
ALVIR CR 5% T/5G,9919,1250,1350,0,,,,,,,
KLAMER 500 MG 14TB,123331,1550,1650,0,,,,,,,
VITAM B12 GERDA250MGBT24 CPR,100970,2600,2900,0,,,,,,,
DOLIPRANE 500MG CPRBT16,100246,380,450,0,,,,,,,
CLOFAINS CPR B10,200510,350,480,0,,,,,,,
ECOREX 150 MG OVULES B/3 (GYNO-PEVARYL),150346,1100,1200,0,,,,,,,
PERVITAL CPR B/20,101594,350,700,0,,,,,,,01/02/2028
NEOMOX 125 MG PDR60 ML ( CLAMOXYL )0,800101,280,450,0,,,,,,,01/07/2026
METROZAL 500MG20CPR,201099,300,500,0,,,,,,,
METROZAL SUSP 120ML,201100,250,300,0,,,,,,,01/03/2028
CETAMYL 500MG B/20CPS,105231,170,250,0,,,,,,,01/09/2028
FEROGLOBIN 200MLLIQUID FORM,105497,800,1000,0,,,,,,,01/04/2027
PREGNACARE HIM &HER CONCEPTION 60 TABS,101043,1680,2300,0,,,,,,,01/12/2026
PREGNACARE ORIGINAL30TABS,200797,1050,1350,0,,,,,,,11/01/2001
OSTEOCARE LIQUID200ML,100193,800,1100,0,,,,,,,01/06/2026
JOINTACE OMEGA-3 30CPA,105496,1190,1500,0,,,,,,,01/09/2027
CANDICID 150MG GELB1,105217,200,600,0,,,,,,,01/02/2027
MUCOCIL SIROP ADFL125ML,201730,330,700,0,,,,,,,01/01/2028
NEOMOX 500 MG PDR60 ML (CLAMOXYL ),20033,370,600,0,,,,,,,01/02/2028
MORIDIL SUPPO,105223,250,700,0,,,,,,,01/01/2028
MORIDIL creme 20G,105229,200,650,0,,,,,,,01/10/2027
BIOTIC PLUS 1GSACHET B/12,20031,950,1500,0,,,,,,,01/02/2027
BIOTIC PLUS 500MGSACHET B/12,20032,770,820,0,,,,,,,01/02/2027
BUTAMYL INHALER 100MG/200 DOSES,20820,560,610,0,,,,,,,01/07/2027
CLARIL 500MG B/14 CP,105224,1550,2150,0,,,,,,,01/04/2027
NEOMOX 250 MG PDR60 ML (CLAMOXYL ),150295,320,500,0,,,,,,,01/07/2026
METROZAL 250MG CPSENROB. TAB,201098,230,500,0,,,,,,,01/12/2027
INONGAN PDE TUBE 55G,105221,250,0,0,,,,,,,01/10/2028
ACLAV 1G/125MG SACH B/12,85857588,1700,1800,0,,,,,,,
ADVILMED ENFANT ET NOURRISON 200ML,85857591,900,1000,0,,,,,,,01/07/2027
AERIUS ORAL SOL SSUCRE FL60ML,85857593,1300,1300,0,,,,,,,
AMARYL 1MG 30TB,85857598,550,0,0,,,,,,,07/05/2026
AMARYL 4MG 30TB,85857601,800,1200,0,,,,,,,
ARTANE 5MG CPR BT50,85857610,700,850,0,,,,,,,
ASPIRIN 100MG TAB 20 DR,85857611,450,0,0,,,,,,,
ASTAPH 125MG SP F/60ML (FR)1,85857612,750,0,0,,,,,,,
ASTAPH 250MG20000000,85857613,1200,0,0,,,,,,,
ASTAPH 500MG GEL B/12,85857614,1250,1350,0,,,,,,,
CATHATER COURT IV 24G JAUNE,8906030,80,100,0,,,,,,,
ATACAN 8mg,85857617,1400,1500,0,,,,,,,
AUGMENTIN 500MG CPR B/16,85857620,1700,0,0,,,,,,,
AUGMENTIN PDR NOUR 100 MG,85857622,1150,1050,0,,,,,,,
AZITRO 500MG 3TB DR AZITHROMYCIN,85857625,800,1100,0,,,,,,,
BACTRIM AD CPR BT30( DR)0,85857626,1050,1150,0,,,,,,,
BACTRIM SUSP FL/100ML DR,85857627,800,850,0,,,,,,,
BEKUNIS(DULCLUX) 30 D,85857628,900,1000,0,,,,,,,
BI-PROFENID 150 MG 10 TB DR10,85857632,1100,1150,0,,,,,,,
BETASTENE 2 MG CPR DISP BT/20,85857641,1100,1150,0,,,,,,,
CELESTENE GTT BUV 0PCO5 30ML,85857642,950,1050,0,,,,,,,
CERULYSE GTTES AUR.FL10ML,85857643,650,750,0,,,,,,,
CETIRIZINE SANDOZ 10MG B/15,85857644,800,600,0,,,,,,,
AMLOR GEL 5 MG BT/30,85857604,1500,1600,0,,,,,,,
ANAFRANIL SR 75 MG TAB B/30 ( DR),85857605,1200,1800,0,,,,,,,
CLARIVER TOUX NOCT ENFTS 150ML,85857649,1550,1350,0,,,,,,,
DOLIPRANE 150MG 12SACHET,85857655,450,500,0,,,,,,,
CALIRA 10MG B/28 (FORXIGA),85857638,2850,3500,0,,,,,,,
DUPHASTON CPR 10MG BT10,85857662,950,1300,0,,,,,,,
EFFERALGAN 500GR EFFERV. BT16,85857665,450,500,0,,,,,,,
EFFERALGAN 250MG BT12SACHETS,85857666,400,500,0,,,,,,,
ESIDREX 25 MG COMP B/20,85857678,700,800,0,,,,,,,
EFFERALGAN CODEINE EFF CPR BT16,85857670,700,800,0,,,,,,,
EFFERALGAN EFF 500MG CPR B16,85857671,450,500,0,,,,,,,
FLUCON COLLYRE 3 ML,85857684,500,700,0,,,,,,,
GEL LARMES 10,85857687,1100,1200,0,,,,,,,
HUMEX TOUX SECHE SP 150ML,85857698,900,1350,0,,,,,,,
EFFERALGAN SUPPO 80MG NN. BT10,85857673,350,450,0,,,,,,,
LARGACTIL 25MG CPR BT50,85857719,950,1050,0,,,,,,,
CLAMOXYL 500 MG BT/12,,450,650,0,,,CLA,,,,02/08/2026
ALPHAVIT SIR 120ML MULTIVITAMIN,,900,1050,0,,,,,,,
KEPPRA 500mg,85857717,3500,3300,0,,,,,,,
on call plus,,0,1200,0,,,,,,,
ZYPREXA 10MG 28TAB,,5100,5150,0,,,,,,,01/10/2027
MOBILE WALKER,,5500,5500,0,,,,,,,01/01/2030
MEDICAL CHAIR,,12000,13600,0,,,,,,,
BASSIN AU LIT,,1100,1100,0,,,,,,,
BASSIN AU LIT AV/COUVERCLE,,1150,1150,0,,,,,,,
BEQUILLE EN FER,,5000,5000,0,,,,,,,01/01/2030
TOCO CAPS 500MG BT30,,1000,1050,0,,,,,,,01/12/2028
BACTRIM FORT CPR BT30,,1100,1200,0,,,,,,,01/04/2029
APEXIME 250MG CPR B/6,,1550,1600,0,,,,,,,01/04/2027
CETRYM 10MG B/20 ZYRTEC,,850,900,0,,,,,,,01/06/2027
OLANZAPINE MYL 10MG 28CP,,3200,3250,0,,,,,,,01/01/2028
BUSCOPAN DR CPR BT20,,750,1100,0,,,,,,,01/12/2027
ATARAX 25MG CPR B/30,,650,850,0,,,,,,,01/04/2029
UTROGESTAN 100MG CAPS BT30,,1900,1950,0,,,,,,,01/06/2027
DUPHASTON CPR 10MG BT10,,900,1000,0,,,,,,,01/03/2030
GLUCOPHAGE 500MG CPR BT 30,,350,500,0,,,,,,,01/01/2029
GLUCOPHAGE 850MG CPR BT30,,950,1000,0,,,,,,,01/03/2029
GLUCOPHAGE 1000MG CPR B/30 FR,,1050,1150,0,,,,,,,01/08/2026
AMLODIPINE MYLAN 5MG 30GEL,,1200,1250,0,,,,,,,01/05/2028
FORXIGA 10 MG TAB BT/28 DAPAGLIFLOZIN,,5500,5600,0,,,,,,,01/06/2027
PROFENID 100MG CPR BT30,,1950,2100,0,,,,,,,01/12/2027
NAUSELIB CPR B36/12,,1100,1150,0,,,,,,,01/09/2027
LUTENYL 5MG CPR DEC.BT10,,1450,1500,0,,,,,,,01/03/2030
AMAREL 2MG CPR BT/30,,600,900,0,,,,,,,01/04/2026
APEXIME SUSP FL 15ML,,1200,1250,0,,,,,,,01/07/2027
BABYSOIN SERUM PHYS BT30-5,,150,200,0,,,,,,,01/09/2027
DOLIPRANE EFF 1G B/8,,400,450,0,,,,,,,01/11/2026
AMLODIPINE ARROW 10MG CPR B/30,85857602,900,1000,0,,,,,,,
METHOTREXATE 2.5MG 100TAB,,950,1000,0,,,,,,,01/10/2026
CROSSCAL 500MG/500 CPR,,1150,1350,0,,,,,,,01/11/2027
ADVILMED SUSP BUV ENF/BB FL/200MG,,800,0,0,,,,,,,
FBOTTLE PERFECT EASY PP 150 SLOW UNI SIL,,1772,1880,0,,,,,,,
BOTTLE WB PP WHITE GRL 250MED SIL,,1636,1740,0,,,,,,,
BOTTLE WB PP ORANGE UNI 250 MED SIL,,1636,1740,0,,,,,,,
BOTTLE WB PP YELLOW GRL 330 FAST SIL,,1727,1830,0,,,,,,,
BM MASSAGE OIL 200ML SENSITIVE,,1500,1600,0,,,,,,,
BM EAU DE COLOGNE REFRESH DELICATE 100ML,,1454,1560,0,,,,,,,
FEROGLOBIN B12 30CAP,,770,900,0,,,,,,,01/01/2028
XATRAL LP 10MG CPR B/30,,4600,4700,0,,,,,,,01/08/2026
FLUVERMAL SUSP BUV,,1000,1100,0,,,,,,,
COQUELUSEDAL SUP NRS B/10,,650,800,0,,,,,,,01/03/2028
COQUELUSEDAL SUPPO ENF B/10,,650,0,0,,,,,,,01/07/2027
DOLIPRANE SUPPO 100MG B10,,420,500,0,,,,,,,01/04/2028
SPASFON CPR BT30,,800,1100,0,,,,,,,01/07/2030
OXYBOLDINE CPR BT24,,900,1000,0,,,,,,,01/02/2028
MAALOX A CROQUER BT40,,700,750,0,,,,,,,01/07/2028
OMEPRAZOLE MYLAN 20MG 28 GEL,,1250,1300,0,,,,,,,01/11/2026
DEBRIDAT 100MG CPR BT/30,,1350,1500,0,,,,,,,01/10/2026
APEXIME 500MG CPR B/3,,1600,1700,0,,,,,,,01/08/2027
CETIRIZINE MYLAN 10MG CAPS B/15,,600,0,0,,,,,,,01/05/2027
ARTANE 5MG CPR BT20,,800,950,0,,,,,,,01/02/2028
LARGACTIL 25MG CPR BT50,,950,1000,0,,,,,,,01/07/2027
ANAFRANIL 25MG TAB B/30 DR,,1200,1250,0,,,,,,,01/07/2027
DICYNONE EGY 500MG BT/20,,900,1000,0,,,,,,,01/06/2027
DOSTINEX 0.5 CPR B/2 FRANCE,,2550,2600,0,,,,,,,01/09/2026
DOLIPRANE 500MG CPR BT16,,400,450,0,,,,,,,01/04/2027
EFFERALGAN EFF 500 MG CPR B16,,470,550,0,,,,,,,01/12/2027
ANTADYS 100MG CPR BT15,,900,1000,0,,,,,,,01/02/2028
BETAMETHASONE GH 2MG CPR B/20,,800,850,0,,,,,,,01/12/2026
AUGMENTIN PDR NOUR 100MG 60ML,,1650,1150,0,,,,,,,01/10/2026
AUGMENTIN PDR NOUR 100MG 30ML,,1150,0,0,,,,,,,01/10/2026
OROKEN 200MG CPR B8,,2800,2900,0,,,,,,,01/03/2027
LOPERAMIDE SANDOZ 2 MG 20GEL,,700,750,0,,,,,,,01/06/2027
CROSSCAL 250MG 250UI-5ML,,1300,1350,0,,,,,,,01/06/2027
AZITRO 250MG 6TB DR AZITROMYCIN,,800,850,0,,,,,,,01/01/2029
BACTRIM AD CPR BT20 FR,,850,0,0,,,,,,,01/11/2029
ULTRALEVURE 200MG GELU BT 10,,2700,2850,0,,,,,,,
CIPROFLOXACINE INFUSION 200MG/100ML DENIS,,350,400,0,,,,,,,
TEGRETOL CR 200MG 20TB,,1250,1350,0,,,,,,,
CATHATER COURT IV 22GBLEU,,70,100,0,,,,,,,
TOPLEXIL SP 150ML 0.33 MG/ML,,790,0,0,,,,,,,
BONCIPRO 500MG B/20,,1400,1550,0,,,,,,,01/01/2028
FLUCIDINE 2% CREME TB 15G FR,,750,800,0,,,,,,,
FLUCIDINE 2% OINTMENT DR,,750,800,0,,,,,,,
UROREC 8MG GEL B/30 KAP DR,,1600,1700,0,,,,,,,
TEGRETOL LP 400MG CPR SECABLE 30,,2250,1460,0,,,,,,,
CIALIS 20 MG B/4 FR,,7800,7900,0,,,,,,,
LOICOID 0.1% POMMADE30G,,900,950,0,,,,,,,
EOSINE SOL 2% COOPER 50ML,,680,800,0,,,,,,,
BEMDLE 400MG CPR BT1,,300,350,0,,,,,,,
GRANIONS VITAMINERIS ENERGIE B/30 CPS EFF,,2210,2300,0,,,,,,,
PEDIAKID TRANSIT DOUX SIROP 125ML,,2410,2500,0,,,,,,,
DOPPELHERZ AKTIV CONNCEPTIVE FEMME 30 CAPS,,1680,1750,0,,,,,,,
DOPPELHERZ AKTIV IMMUNO VITAL TAB/30,,1270,1350,0,,,,,,,
DOPPELHERZ AKTIV KINDER OMEGA-3 SP 250ML,,3190,3290,0,,,,,,,
DOPPELHERZ VITAMINS FOR DIABETIC 30TABLET,,1250,1300,0,,,,,,,
DOPPELHERZ OMEGA-3FOLIC ACIDE+B6+B12 30CPS,,1540,1600,0,,,,,,,
DOPPELHERZ AKTIV NACHT-KOMPLEX CAPS BT/30,,1050,1100,0,,,,,,,
DOPPELHERZ AKTIV COENZYME Q10+B-VIT 30CAP,,1490,1590,0,,,,,,,
MYCOSEDERMYL CREME NIT/ECANAZOLE 1%30G,,830,930,0,,,,,,,
ECONAZOLE MYLAN 1% CREME 30g TUBE/1,,660,700,0,,,,,,,
POUXIT XF ANTI-POUX ETV LENTES LOTION 200 ML,,4540,4600,0,,,,,,,
CUTACNYL 5% GEL DERM 40G,,830,900,0,,,,,,,
DOLIMEX PARACETAMOL SACH 300MG/12,,330,400,0,,,,,,,
PEVAGINE 150MG OV B/3,,1080,1150,0,,,,,,,
NIDAZOL 500MG OV B/10,,750,800,0,,,,,,,
PROFENID SUP 100MG BT12,,730,780,0,,,,,,,
URINOIR PORTABLE POUR FEMME,,1150,0,0,,,,,,,
TRIPOD CANE,,2620,2720,0,,,,,,,
QUADRIPOD CANE,,2620,2720,0,,,,,,,
EFFERALGAN 500MG CPR EFF SECABLE 16,,430,480,0,,,,,,,
URINOIR PORTABLE POUR HOMME,,1150,1000,0,,,,,,,
FBOTTLE PERFECT EASY GL 150 SLOW UNI SIL,,2500,2600,0,,,,,,,
BOTTLE WB GLASS BOY 240 SLOW SIL,,2182,2280,0,,,,,,,
BOTTLE WB PP GREEN BOY 250 MED,,1636,1740,0,,,,,,,
TEATS PERFECT 5 0M+SLOW SIL 2PCS,,1364,1470,0,,,,,,,
TEATS PERFECT 5 2M+MEDIUM SIL 2PSC,,1364,1470,0,,,,,,,
TAETS PERFECT 5 4M+FAST SIL 2PSC,,1364,1470,0,,,,,,,
TEATS PERFECT 5 6M+FOOD SIL 2PCS,,1364,1470,0,,,,,,,
BM TALCUM POWDER 150GR,,1200,1300,0,,,,,,,
NEW CHICCO WIPES 72PCS WITH FLIP COVER,,909,1010,0,,,,,,,
NEW DELICATE WIPESS 72PCS +FLIPCOVER,,909,1010,0,,,,,,,
BM BAR SOAP 100GR,,500,600,0,,,,,,,
BABY HAIR & BODY CLEANSER NAT SENS 200ML,,1318,1420,0,,,,,,,
GOUPILLON POUR BIBERON,,1500,1600,0,,,,,,,
DISINFECTANT MULTI PURPOSE 0 m+,,1409,1510,0,,,,,,,
TIRE-LAIT CLASSIC BREASPUMP 0 m+,,4818,5300,0,,,,,,,
SOOTHER PH COMFORT PINK SIL 0-6M 1PC C,,1200,1500,0,,,,,,,
SOOTHER PH COMFORT BLUE SIL 0-6 1PC C,,1200,1500,0,,,,,,,
PEDIAKID GOMMES MULTUVITAMINEES 60 OURSONS,,2410,2510,0,,,,,,,
GELU BT60,,2660,2760,0,,,,,,,
IXINE 40MG/5ML SUSP 40ML,,750,0,0,,,,,,,
JUVAMINE MG+VIT B6 CP B/45,85857709,1100,1150,0,,,,,,,
MICOSTATIN SUSP BUZ FL24ML,85857732,900,950,0,,,,,,,01/12/2026
NOZINAN 100MG CPR BT20,85857741,3800,4000,0,,,,,,,01/02/2027
OTRIVIN BABY SALINE,85857752,400,500,0,,,,,,,
PARLODEL CPR 2.5MG BT30 DR,85857755,1200,1200,0,,,,,,,
PARODANTAX FRAICHER INTENSE/75ML,85857756,1350,1350,0,,,,,,,
PARODONTAX BAIN DE BOUCHEFL/500ML,85857757,1250,1300,0,,,,,,,
PARODONTAX BLANCHEUR GINGIV T/75ML,85857758,750,800,0,,,,,,,
PARODONTAX PROTECTION FLUOR GEL 75 ML LOT 3229,85857759,600,1400,0,,,,,,,01/02/2028
PAROGENCYL PREVENTIO BLANCHEUR 75ML,85857761,800,1000,0,,,,,,,01/12/2028
OPLEX SYRUP,85857749,500,1000,0,,,,,,,01/06/2026
OTIPAX SOL AURIC GTT 16 G,85857750,600,800,0,,,,,,,01/10/2027
LORATADINE ARROW 10MG CP B/7,85857727,700,800,0,,,,,,,
POLYDEXA GTTES AUR. FL10.5ML,85857766,700,800,0,,,,,,,
PONSTYL 500MG CAPS BT20,85857767,850,1050,0,,,,,,,
RHINATHIOL PROM. SPR FL125ML,85857772,1050,1000,0,,,,,,,
SENSODYNE BAD PRECISION EXTRA SOUPLE,85857773,550,600,0,,,,,,,01/01/2029
SERETIDE DISKU 500/50MCG 60DOSES FR,85857779,4300,4500,0,,,,,,,
STERDEX POM OPHT. BT12,85857783,700,1300,0,,,,,,,
TENORMINE 100MG CPR BT30,85857788,2400,2000,0,,,,,,,
TENORMINE 50MG CPR BT30,85857789,1200,1350,0,,,,,,,
1,,100,0,0,,,,,,,
TOPLEXIL SOL BUV S SUC FL150ML,85857794,1950,1100,0,,,,,,,
UVESTEROL ADEC FL10ML,85857799,600,650,0,,,,,,,01/05/2026
DEXTROSE GLUCOSE 500ML,85857806,300,350,0,,,,,,,
NEXIUM 20MG B/28 GELULES,,1250,1300,0,,,,,,,
MASK 3PLY B/50,,450,500,0,,,,,,,
ATORVASTATINE CRIS 40MG CP B30,,1100,1800,0,,,,,,,
"DIGOXINE NATIV. 0,25MG CPR BT30",,750,1200,0,,,,,,,
XARELTO 15MG 28 DR,,5700,5800,0,,,,,,,
SYMBICORT TUBUHALER 200/6MG,,5600,5800,0,,,,,,,01/02/2027
DAFLON 500 MG CPR BT/30,,1500,1600,0,,,,,,,
SERINGUE 10 CC 21 G (DR ),85857815,40,100,0,,,,,,,
SERINGUE 5 CC 21 G (DR ),85857816,45,50,0,,,,,,,
PLAVIX 75MG 28TB DR,25606,1600,1700,0,,,,,,,
NIFEDI-DENK 20MG RET B30,55943,850,950,0,,,,,,,
COLGATE BAD TRIPLE ACTION MEDIUM,8714789652498,329,600,0,,,,,,,
COLGATE DENTIFRICE MAX FRESH CLEAN MENTHE 100ML,8718951288881,424,600,0,,,,,,,
SERINGUE 3CC,85857812,45,50,0,,,,,,,
aspirine 100 mg cp,00014547888,960,0,0,,,,,,,
nifedi-denk 20 mg cp,00014547889,1370,0,0,,,,,,,
COLLYRE 1% FL 3ML,,1320,1420,0,,,,,,,
NEXIUM 40MG B/28,,1400,1500,0,,,,,,,
KKEPPRA 500MG 50 TAB,,3200,3400,0,,,,,,,
FERVEX ENFANT SS SUC 8 SAHET,,850,0,0,,,,,,,
DELIX 2.5MG 28 TAB (RAMPRIL),,650,750,0,,,,,,,
COMPRESS STERIL LABELL 40*40BT10,,470,0,0,,,,,,,
DOPPELHERZ AKTIV CALCIUM+D3 15EFF,,1000,1100,0,,,,,,,
COTON CODEX HYDRO LABELL ZIG ZIAG 100G,,390,500,0,,,,,,,
ELI LICE SHAMPOO 300ML,,0,2370,0,,,,,,,
ELI LICE SPRAY 50mL Spray,,0,2450,0,,,,,,,
PROSTalen,,0,2600,0,,,,,,,
VISCERALGINE 10MG/5ML,,800,0,0,,,,,,,
SALI FINE,,750,850,0,,,,,,,
SÛSSINQ,,0,1450,0,,,,,,,
AZITRO 200MG 15ML SUSP DR AZITHROMYCIN,,680,800,0,,,,,,,
Aldactone A 25mg tablet,,0,0,0,,,,,,,
vermox 100mg CPR BT 6,,450,600,0,,,,,,,
CIPRO-DENK 750MG B/10 CPR,,2290,2350,0,,,,,,,
COMPRESS PUR LABELL 40*40 PQ10,,400,500,0,,,,,,,
DOPPELHERZ AKTIV A Z MULTIVIT +MINERALIEN 15EFF,,1020,1120,0,,,,,,,
DONORMYL 15mg,,0,1650,0,,,,,,,
METRIN %5 30G,,1250,1000,0,,,,,,,
FLUOXINE 500 MG CPR B10,,600,700,0,,,,,,,
LAROXYL CPR DRG 25 MG B 60,,1550,1650,0,,,,,,,
BETASAL FINE,,750,850,0,,,,,,,
DIMRA 20 tab,,800,900,0,,,,,,,
ACON,,0,0,0,,,,,,,
BOITE PEEL HERE,,0,100,0,,,,,,,
MASQUE VISSAGE NOIR,,0,30,0,,,,,,,
VOLTARENE 25 MG,,0,1250,0,,,,,,,
enapril 5mg 20 tab dr,,850,1050,0,,,,,,,
OMEECAN (OMEPERZOL 20MG 15 CAP,,400,400,0,,,,,,,
FLGUEN 50 MG/5ML PDRE SUSP BUV F/60ML,,380,480,0,,,,,,,
"DOXAFIN 2,5MG 150ML SYROP",,750,850,0,,,,,,,
DONORMYL 15mg,,0,1550,0,,,,,,,
BETA-M FINE,,750,850,0,,,,,,,
SÛSSINQ,,0,1450,0,,,,,,,
Well babay LIQUIDE,,0,1250,0,,,,,,,
FUCIDINE 2% OINTMENT (DR ),,750,850,0,,,,,,,
"SERINGUE INSULIN 0,3ml",,0,700,0,,,,,,,
POT DE PRELEVEMENT KAOP,,0,100,0,,,,,,,
FEBRILEX,,0,200,0,,,,,,,
KAPTOPRIL 25MG 50 TB,,1250,1450,0,,,,,,,
coversyl 5 mg,,0,1850,0,,,,,,,
CRISTAL SUPPO NOURRISSON BT/10,,500,600,0,,,,,,,
BANDE GAZE LÀBELL 3M*10CM BOITE DE10,,770,870,0,,,,,,,
coveram 10/5 mg,,0,1600,0,,,,,,,
AKTIV VITAMINE FOR DIABETICS,,1200,1300,0,,,,,,,
AKTIV IMMUNO DEPOT,,1250,1350,0,,,,,,,
AKTIV KOLLAGEN 1000,,1850,1950,0,,,,,,,
AKTIV JOINTS 1200,,1950,2050,0,,,,,,,
AKTIV NACHT-KOMPLEX,,1000,1100,0,,,,,,,
AKTIV OMEGA -3,,1500,1600,0,,,,,,,
AKTIV OSSEOVIT,,1050,1150,0,,,,,,,
LIPITOR 20MG 30TB,,1400,1500,0,,,,,,,
FERLIX CAP B/50 *4 CES,,0,130,0,,,,,,,
OXYPLASTINE 46% 135GR,,1050,1150,0,,,,,,,
DUPHALAC SACH DOSE 15ML BT 20,,930,0,0,,,,,,,
MICOZAL Ketoconazole 2% créme cream,,0,600,0,,,,,,,
DEFAL CPR 30 MG B10,,2400,2600,0,,,,,,,
FINASTERIDE VIATRIS 5M,,2400,2500,0,,,,,,,
BIOHEALTH ELETROLYTE EFF ORANGE B/20,,700,800,0,,,,,,,
VERMOX 500 MG CPR B/1,,400,500,0,,,,,,,
AKTIV MAGNESSIUM 500,,2000,2100,0,,,,,,,
DAPAKINE 500MG,,2400,2500,0,,,,,,,
SIMED OXIGENE,,14000,14500,0,,,,,,,
EFFERALGAN SIROP,,600,0,0,,,,,,,
HUMER SOL NAS BB/ENF F/150ML,,1650,1800,0,,,,,,,
EAU DE MER ISO 100ML,,2300,2400,0,,,,,,,
halatan,,0,2230,0,,,,,,,
IPROFENE 100MG/5ML 100ML,,0,900,0,,,,,,,
FLUOCARIL JUNIOR BUBBLE T 75ML,,0,950,0,,,,,,,
SENSODYNE SOIN COMPLET 24 H T 75ML,,650,800,0,,,,,,,
"LOCODERM 0,1% CREM 30G",,900,1200,0,,,,,,,
BETNOVATE KREM 30mg,,900,1000,0,,,,,,,
KLOMEN 50MG 10 TAB,,1200,1300,0,,,,,,,
KETO FINE,,0,1450,0,,,,,,,
FERCEFOL CP,,0,700,0,,,,,,,
APRANAX CPR SECA 550MG B/16,,900,1000,0,,,,,,,
AKTIV COENSYME Q10,,1450,1550,0,,,,,,,
FLUGEN SIROP,,0,450,0,,,,,,,
perviseur,,0,100,0,,,,,,,
CARBIGEN 20MG,,900,1000,0,,,,,,,
DICLOMEC 3ML AMP,,200,250,0,,,,,,,
CUTACNYL 2.5% GEL TB 40MG,,750,850,0,,,,,,,
TRILLERG COLLYRE 0.4MG/0.5ML 10ML,,790,1200,0,,,,,,,
TRAVONORM PLUS CL 5ML COLLYRE,,2320,2000,0,,,,,,,
CO AVAZIR POMMADE OPHTALMIQUE STERILE 5ML,,720,950,0,,,,,,,
COTON CODEX HYDRO LABELL ZIG ZIAG 100G,,390,490,0,,,,,,,
COTON CODEX HYDRO LABELL ZIG ZIAG 100G,,390,490,0,,,,,,,
DERMO-FINE 30ML,,750,850,0,,,,,,,
CONCOR 5mg BT /30,,900,1250,0,,,,,,,
CLAMOXYL 500MG BT/12,111111,500,550,0,,,,,,,27/02/2026
CHICCO TALCUM POU,,1060,1160,0,,,,,,,
ULTRA B COMPLEX 60 TAB,,750,850,0,,,,,,,
GLIBEN 5MG100 TB DAONIL,,1150,1250,0,,,,,,,
SEROQUEL 25 MG TB DR,,1300,1350,0,,,,,,,
FORTYMOX MOXIFLOXACINE 0.5% COLLYRE 10ML,,1100,1200,0,,,,,,,
CO-AVAZIR 0.3% 0.1% COLLYRE 5ML,,480,950,0,,,,,,,
EXFORGE 5 MG/160 MG 28 CPR DR,,1300,1400,0,,,,,,,
CRESTOR 20MG TAB28,,1950,2050,0,,,,,,,
ANKLE SUPPORT SBK 4655,,700,800,0,,,,,,,
BIOHEALTH VIVOTRUM CHILDREN GUMMIES B/30,,900,1000,0,,,,,,,
DECONTRACTyl 80g,,0,950,0,,,,,,,
AKTIV CONCEPTION FOR WOMEN,,1650,1750,0,,,,,,,
AKTIV OPTIMAL EYES,,2650,2750,0,,,,,,,
matnida injectable,,0,750,0,,,,,,,
TEGRETOL SUP 100 MG 20TAB,,1050,1150,0,,,,,,,
BABY AGE PARFUN,,0,750,0,,,,,,,
POLYFRESH EXTRA SUD COLLYRE UNIDOSE 0.4ML B30,,1500,1700,0,,,,,,,
KNEE SUPPORT 18081,,450,500,0,,,,,,,
JANUVIA 100MG 28TAB,,2800,2900,0,,,,,,,
URINEX EGYO 24S S.G CAPS,,600,700,0,,,,,,,
osseovit,,0,1150,0,,,,,,,
dermabel diprosone 30 gr pommad,,1100,1200,0,,,,,,,
AKTIV MEN ACTIVE,,1300,1400,0,,,,,,,
GATISTAR COLLYRE 0.3% 5ML,,950,1350,0,,,,,,,
CO-AVAZIRE 0.3%,,0,950,0,,,,,,,
OSTEOCARE ORGINAL 30TABS,,790,950,0,,,,,,,
WELL BABY DROPS VIT 4-24M YEARS,,1100,1400,0,,,,,,,
WELLBABY MUL VIT LIQUIDE 150ML 4-12ANS,,1130,1200,0,,,,,,,
VESICARE 5MG 30TB/DR,,2100,2200,0,,,,,,,
BI PROFENID 100 MG 20TB DR,,900,1100,0,,,,,,,
BACK SUPPORT YC7815,,4000,4100,0,,,,,,,
PERFECT EASY GL 240,,2750,2950,0,,,,,,,
PERFECT EASY GL 240,,2750,2950,0,,,,,,,
OMEECAN(OMEPRAZOL INJECTION 40MG),,400,450,0,,,,,,,
CYTEAL SOL EXT.FL250ML,,1200,1300,0,,,,,,,
SECTRAL 200 mg cpr bt90,,5800,5900,0,,,,,,,
MASQUE VISSAGE BLEU,,0,20,0,,,,,,,
AKTIV CONCEPTION FOR MEN,,2200,2300,0,,,,,,,
AKTIV MAGNESSIUM,,950,1050,0,,,,,,,
KNEE SUPPORT SBK 4677,,600,700,0,,,,,,,
CHICCO MASSAGGE,,1500,1600,0,,,,,,,
CHICCO ACQUA DI COLONIA,,1280,1380,0,,,,,,,
FINEGARD GEL,,500,600,0,,,,,,,
MUCOMYST 200MG 18 SACHETS,,850,950,0,,,,,,,
NURSIE ADIALAC 400G,,1490,1600,0,,,,,,,
NURSIE CONFORT PREM 2,,1490,1600,0,,,,,,,
NURSIE FORTINUTRI 1400G,,1150,1250,0,,,,,,,
NURSIE FORTINUTRI 2400G,,1150,1250,0,,,,,,,
Mannitol infussion 100 ml,00014547891,1280,0,0,,,,,,,
plavix 75 mg cp,00014547892,1730,0,0,,,,,,,
DOLIPRANE 300MG G.ENF SACHET 12,,430,500,0,,,,,,,
FURADANTINE 50MG GELU BT21,,1050,1150,0,,,,,,,
OTRIVINE 0.1% AD GTE NAS/10ML,,600,700,0,,,,,,,
AVLOCARDYL 40MG BT/50 COM ( PROPRANOLOL),,1200,1300,0,,,,,,,
UPSA C 1G EFFERV.BT10,,400,500,0,,,,,,,
BIOHEALTH MULTIVITA&MINERAL EFFF,,700,800,0,,,,,,,
FAUTEUIL ROULANT (ALMUNIUM),,30000,30100,0,,,,,,,
CHICCO NASAL ASPIRATOR PHYSIOCLEAN 0M+,,2200,2300,0,,,,,,,
PERFECT 5 PP BOY 240,,900,1100,0,,,,,,,
RISPERIDONE 1MG,,0,2500,0,,,,,,,
RISPERIDONE 2MG,,0,3950,0,,,,,,,
IMODIUM 2MG GELULES BT20,,900,1000,0,,,,,,,09/01/2030
PANTOPRAZ CRIS 40MG CPR GAST FL/28,,950,1050,0,,,,,,,
twinzol,,0,2500,0,,,,,,,
HEXIDYL BB 200 ML,,350,600,0,,,,,,,
LABELLO NIVEA LIP CARE,,300,400,0,,,,,,,
R8762,,0,600,0,,,,,,,
R2852,,0,450,0,,,,,,,
R7543,,0,900,0,,,,,,,
AKTIV SELEN,,950,1050,0,,,,,,,
OPTIDEX COLLYER,,850,950,0,,,,,,,
CHAMBER RABIR SARI MEDIUM,,1200,1300,0,,,,,,,
ON CALL PLUS GLUCOMETRE,,3000,3600,0,,,,,,,
R1229,,0,550,0,,,,,,,
R9035,,0,350,0,,,,,,,
SLEEPY LAVANDER,,0,400,0,,,,,,,
SLEEPY CAMOMILE,,0,400,0,,,,,,,
TERRAMYCIN 5MG,,0,1050,0,,,,,,,
BLEDINE FRUITS 8 LAIT 250,,580,700,0,,,,,,,
LAIT POUDRE BLEDILAIT 1400G,,1125,1250,0,,,,,,,
NURSIE CONFORT PREM 1,,1490,1600,0,,,,,,,
BLEDINE LACTEE MIEL ET LAIT 250GR,,580,700,0,,,,,,,
PHOSPHATINE LACTEE FRUITS 190G,,300,400,0,,,,,,,
PHOSPHATINE MIEL 200G,,300,400,0,,,,,,,
BLEDILAIT CROISSA 900G,,2500,2700,0,,,,,,,
BLEDILAIT CROISSAN 400G,,1300,1450,0,,,,,,,
PRE-NURISE 400G,,1600,1700,0,,,,,,,
R6263,,0,750,0,,,,,,,
MALE EXTERNAL 30MM LARGE,,200,300,0,,,,,,,
LAIT POUDRE BLEDILAIT 2400 G,,1125,1250,0,,,,,,,
BLEDINE LACTEE CROISSANCE 250GR,,580,700,0,,,,,,,
NURDIE CROISSANCE 3400G,,1250,1350,0,,,,,,,
APTAMIL PREMIUM +2400G,,1400,1550,0,,,,,,,
APTAMIL PREMIUM +1400G,,1400,1550,0,,,,,,,
APTAJUNIOR PREMIUM +3400G,,1400,1550,0,,,,,,,
POLGYL 0.5 IV PERF 100ML (METRONIDAZOL),,500,600,0,,,,,,,
UVEDOSE 100 000UI AMP BUV 2ML B1,,550,650,0,,,,,,,
AZINC F.VITAL GEL B60,,2800,2900,0,,,,,,,
OXYPLASTINE 46% 135GR,,1500,1600,0,,,,,,,
BEROCCA BOOST CPR EFF B/20,,5300,5400,0,,,,,,,
AKLOVIR KREM 10G (ACICLOVER),,1100,1200,0,,,,,,,
crestor 10MG 28 TAB,,1550,1650,0,,,,,,,
KENAKORET -A 40 MG AMP,,1200,1300,0,,,,,,,
LIPITOR 10MG 30 TAB,,1100,1200,0,,,,,,,
GANT NO STERIL,,2000,2100,0,,,,,,,
RIVAMOX 500MG 20 CAPS,,500,600,0,,,,,,,
XENETIX 350 SOL INJ IV 100ML,,8700,8900,0,,,,,,,
NURSIE CONFORT 1,,0,1600,0,,,,,,,
NEVXAL COLLYRE 0.1% 5ML,,690,950,0,,,,,,,
MINIDRIL CPR BT1*21,,0,750,0,,,,,,,
MONUROL SASE (FOSFOMYCIN) SACHET,,1100,1200,0,,,,,,,
RINOMICINE 10MG SACH B/10,,600,700,0,,,,,,,
EXXIB CELECOXIB,,0,1050,0,,,,,,,
BUSCOPAN 1ML INJ B6,,150,200,0,,,,,,,
RHUMIX SACHET B /10,,400,500,0,,,,,,,
SLEEPY ROSE,,0,400,0,,,,,,,
ASKA,,0,45000,0,,,,,,,
NIDICARD 10 MG 30 KAP (NIFEDIPIN) DR,,750,1100,0,,,,,,,
TRIACTIN (EGY) 4MG TAB 20,,400,500,0,,,,,,,
EOSINE COOPER 2% B10X2ML,,690,800,0,,,,,,,
GENSET 10MG CPR BT/30,,450,500,0,,,,,,,
FUROSEMIDE MYLAN 20MG 30CPR,,430,500,0,,,,,,,
AMLOPERIN 10GM/10GM 30 CPR,,4450,4550,0,,,,,,,
AMLOPERIN 5MG/5MG 30 CPR,,2700,2800,0,,,,,,,
CHAMBER RABIR SMALL,,1200,1300,0,,,,,,,
PICOT 4,,0,2700,0,,,,,,,
R8779,,0,500,0,,,,,,,
R7703,,0,900,0,,,,,,,
R8519,,0,500,0,,,,,,,
R7444,,0,550,0,,,,,,,
R4832,,0,750,0,,,,,,,
NURSIE CONFORT PRIM 2,,0,1600,0,,,,,,,
NURSIE CONFORT PRIM 1,,0,1600,0,,,,,,,
PERFECT 5 PP GIRL 300,,900,1100,0,,,,,,,
BIOHEALTH CALCIUM+VITD3 EFF B/20,,800,900,0,,,,,,,
SLEEPY STRAWBERRY,,0,400,0,,,,,,,
SLEEPY APPLE,,0,400,0,,,,,,,
BIOHEALTH COLLAGEN PWD 10MG 20 SACHET,,2900,3000,0,,,,,,,
VALSARTAN MYLAN 160MG,,1300,1400,0,,,,,,,
PEDIAKID COLICILLUS BEBE,,0,3600,0,,,,,,,
OFLOXACINE GH 200MG CPR BT10,,1300,1400,0,,,,,,,
VALSARTAN MYLAN 80MG 30CPS,,1380,1500,0,,,,,,,
R9059,,0,250,0,,,,,,,
FORXIGA 10MG TAB BT28,51,0,0,0,,,,,,,
AMLODIPINE MYLAN 5MG,52,0,0,0,,,,,,,
AMLODIPINE ARROW 10MG CPR,53,0,0,0,,,,,,,
B30 FR,54,0,0,0,,,,,,,
GLUCOPHAGE 1000MG CPR,55,0,0,0,,,,,,,
CETIRIZINE MYLAN 10MG CAP,42,0,0,0,,,,,,,
ARAGACTIL 25MG CPR BT50,43,0,0,0,,,,,,,
ANAFRANIL 25MG TAB B/30,44,0,0,0,,,,,,,
DICYNONE (EGY) 500MG BT20,45,0,0,0,,,,,,,
PARACETAMOL 500MG CPR BT20,46,0,0,0,,,,,,,
DOLIPRANE EFF 1G B/8,47,0,0,0,,,,,,,
EFFERALGAN EFF 500MG CPR,48,0,0,0,,,,,,,
ANTADYS 100MG CPR BT15,49,0,0,0,,,,,,,
XEROXYDINE CPR BT24,38,0,0,0,,,,,,,
AZITRO 250MG BT8 DR,34,0,0,0,,,,,,,
BACTRIM AD CPR BT20 (FR),35,0,0,0,,,,,,,
BACTRIM PED CPR BT20 DR,36,0,0,0,,,,,,,
UVAMINE FIZZ 1G/1T + 7MIN/30,24,0,0,0,,,,,,,
CROQ/30,25,0,0,0,,,,,,,
FERO B12 SUSP BUV FL200ML,20,0,0,0,,,,,,,
NOURRISON 200ML,9,0,0,0,,,,,,,
EFFERALGAN 300MG SUPPO,6,0,0,0,,,,,,,
FUCIDINE 2% POM T15G BUV,2,0,0,0,,,,,,,
AMOXICILLINE CAP 500MG,3,0,0,0,,,,,,,
KUVESTEROL ADEC FL10ML,15,0,0,0,,,,,,,
FLUIMUCIL 2MG/5ML SP,16,0,0,0,,,,,,,
FLUIMUCIL AD FL125ML,17,0,0,0,,,,,,,
APEXIME SUSP FL 15ML,200201,0,0,0,,,,,,,
MAGNESIE PELL NORM,100539,0,0,0,,,,,,,
METHOTREXATE 2.5MG 100TAB,101667,0,0,0,,,,,,,
VASELINE GUAZE 10CMX10CM B/10 (TULLE GRAS),120315,0,0,0,,,,,,,
JARDYFERON 20MG/ML ENFAN,,1200,1350,0,,,,,,,
alfamet 250 mg cp,00014547893,1470,0,0,,,,,,,
ruban stérilisation rouleau,00014547894,1500,0,0,,,,,,,
"Nastispray 0,15 mg public bucc",00014547890,1730,0,0,,,,,,,
MICRO-FINE SERINGE INSULINE S30G /10,85857813,500,0,0,,,,,,,
SERINGUE 2.5 CC DR,85857814,30,0,0,,,,,,,
COLGATE DENTIFRICE TRIPLE ACTION 100ML,6920354812521,408,600,0,,,,,,,
COLGATE DENTIFRICE HERBAL 100ML,6001067021452,408,600,0,,,,,,,
DENTAWEISS DENTIFRICE CLASSIC MINT TB.50ML,6091051700289,370,550,0,,,,,,,
DENTAWEISS DENTIFRICE SUB ZERO TB.50ML,6091051700302,370,550,0,,,,,,,
NATISPRAY 0.15MG SOL P PULV BUCC 200,100595,1200,0,0,,,,,,,
ALFAMET 250MG 30TB DR – ALDOMET,2929,950,0,0,,,,,,,
CEFTRIAXONE MYLAN 1G/10ML IV,85857817,1250,0,0,,,,,,,
SNAKE VENOM ANTISERUM L P,102407,2900,0,0,,,,,,,
CYBELE 200 BATONNETS OUATES 100 /o PURE COTTON,3760082620158,256,380,0,,,,,,,
FW BLACK SOAP PURIFIANT 200 GR.,87791700S479,874,1250,0,,,,,,,
MONSAVON SAVON AU LAIT 100 GR.,3181730201480,126,180,0,,,,,,,
COLGATE BAD PREMIER WHITE MEDIUM,8714789733487,262,390,0,,,,,,,
COLGATE BAD CLASSIC DEEP CLEAN MEDIUM,8714789823775,195,290,0,,,,,,,
BPH DEO. ROLL ON 48H ROSEE DU MATjN SOML,8436097095117,404,600,0,,,,,,,
COLGATE BAD TRIPLE ACTION LOT DE 2 MEDIUM,8714789682655,397,590,0,,,,,,,
EVOLUDERM LAIT CORPS COCO POMPE 500 ML,3760100684834,660,980,0,,,,,,,
BPH CREME MAINS REPARATRICE ANTI-AGE Q10 150ML,843609709S476,525,780,0,,,,,,,
BPH CREME MAINS NUTRITIVE PLUS REPARE & ADOUCIT 150ML 0,8436097095469,437,650,0,,,,,,,
BPH BAUME A LEVRES HYORATANT BLISTER X2,8436097094189,525,780,0,,,,,,,
BPH BAUME A LEVRES PROTECTEUR SPF30 BLISTER X2,8436097094196,525,780,0,,,,,,,
SAPH310838/S GANTS EXFOLIATION DU CORPS,3760232608388,404,600,0,,,,,,,
GILLETTE BLUE 3 RASOIR 4+1 SENSITIVE,770201847662,783,1170,0,,,,,,,
snake venom antiserum,00014547887,3430,0,0,,,,,,,
3 ANNEAUX SAVON DE MARSEILLE BEBE 100GR,3010350005782,134,200,0,,,,,,,
WHISKY BLACK OP MEN DEO. SPRAY 150 ML,3509169933510,525,750,0,,,,,,,
BPH DEO. ROLL ON MEN 48H GROOVY PARADISE SOML,8436097095391,404,600,0,,,,,,,
WHISKY SILVER MEN DEO. SPRAY 150 ML,3509167895278,525,750,0,,,,,,,
WHISKY SPORT MEN DEO. SPRAY 150 ML,3509166891233,525,750,0,,,,,,,
BPH DEO. ROLL ON MEN 48H URBAN SWING SOML NEW,8436097095407,404,600,0,,,,,,,
BPH DEO. ROLL-ON 48H EXTRAIT DE BAMBOU SOML,8436097095148,404,600,0,,,,,,,
WHISKY RED MEN DEO. SPRAY 150 ML 0,3509164440167,525,750,0,,,,,,,
EVOLUDERM DEO FRAICHEUR ALOE VERA 24H 200ML,3760420250054,504,750,0,,,,,,,
EVOLUDERM DEO ANTI-TRACE SPRAY 200ML,3760100682595,504,750,0,,,,,,,
EVOLUDERM DEO NUAGE DE COTON SPRAY 200ML,3760100682588,504,750,0,,,,,,,
EVOLUDERM DEO THE VERT & CONCOMBRE 24H 200ML y,3760100203776,504,750,0,,,,,,,
"EVOLUDERM MASQUE VISAGE, ARGAN TB 150 M",3760100680300,606,900,0,,,,,,,
EVOLUDERM MASQUE VISAGE ARGILE ROUGE TB 150ML,3760100680348,606,900,0,,,,,,,
EVOLUDERM MASQUE VISAGE CAROTTE TB 150 ML -,3760100685275,606,900,0,,,,,,,
COLGATE BAD ZIG ZAG SOFT,6001067004936,235,350,0,,,,,,,
RINGER FL500ML,85857807,300,0,0,,,,,,,
CHLORIDE DE SODIUM 500ML,85857808,350,0,0,,,,,,,
CATHETER BLUE 22,85857809,150,0,0,,,,,,,
CATHETER JAUNE 24,85857810,150,0,0,,,,,,,
CATHETER ROSE 20G DR,85857811,150,0,0,,,,,,,
XATRAL(DN) LP 10MG 30TB,85857803,1100,0,0,,,,,,,
ZYLORIC 100MG CPR SEC B/28,85857804,500,0,0,,,,,,,
VENTOLINE AEROS FL/100UG B/1,85857800,1250,0,0,,,,,,,
TIMOPTOL 50 COLLYRE FL5ML,85857791,2500,0,0,,,,,,,
TAVANIC 500MG 7TB DR,85857785,1450,0,0,,,,,,,
TEGRETOL SUSP BUV FL150ML,85857786,1600,0,0,,,,,,,
SIMVA-DENK 20MG B/30 (SIMVASTATIN),85857780,1450,0,0,,,,,,,
SIMVASTATINE SANDOZ 40 MG 30 CPR,85857781,1600,0,0,,,,,,,
PROSTALEN ( ALFUZOSINE HYDROCHLORIE) TAB,85857771,2350,0,0,,,,,,,
MAALOX SUSP BUV FL250ML,85857729,700,0,0,,,,,,,
NORLEVO CPR 1.5 MG BT1,85857739,1200,0,0,,,,,,,
PHENERGAN SIROP FL150ML,85857763,650,0,0,,,,,,,
PIVALONE SUSP NAS DOSEUR 10ML,85857764,650,0,0,,,,,,,
PLAVIX 75MG CPR B/30 (FR),85857765,3800,0,0,,,,,,,
OXALAIR 125MCG INHALER 120D,85857753,2450,0,0,,,,,,,
OXYBOLDINE CPR BT24,85857754,900,0,0,,,,,,,
MYDRIACTICUM 0.5% COLLYRE FL/10 ML,85857734,950,0,0,,,,,,,
JUVAMINE APPETIT&TONUS 200ML,85857710,1200,0,0,,,,,,,
JUVAMINE FIZZ GOLD CPR EFFB/30,85857708,1400,0,0,,,,,,,
EVOLUDERM HUILE ARGAN FL 100ML,3760100680287,629,900,0,,,,,,,
EVOLUDERM HUILE DE KARITE FL 100ML,3760100680720,629,900,0,,,,,,,
EVOLUDERM HUILE DE CAROTTE FL 100ML,3760100680713,629,900,0,,,,,,,
EVOLUDERM LAIT EXTRA FORT BLEU POMPE 500 ML,3760420250238,990,1300,0,,,,,,,
EVOLUDERM LAIT ULTRA FORT ROUGE POMPE 500 ML p,3760420250252,990,1300,0,,,,,,,
EVOLUDERM LAIT ACTION TACHES ORANGE POMPE 500 ML,3760420250221,990,1300,0,,,,,,,
BPH LAIT CORPS AVOINE SOOML,8436097094202,1010,1500,0,,,,,,,
BPH LAIT CORPS GERME DE BLE SOOML,8436097094219,1010,1500,0,,,,,,,
BPH FAMILY SHAMP. AVOCAT CHEV. SEC 750ML,8436097095438,591,890,0,,,,,,,
BPH FAMILY APR.SHAMP. AVOCAT CHEV. SEC 400ML,8436097095520,523,780,0,,,,,,,
BPH. FAMILY SHAMP. 2EN1 PAPAYE TT DE CHEV. 750ML,8436097095421,591,890,0,,,,,,,
BPH FAMILY APR SHAMP. COCO CHEV. COL 400ML,8436097095537,523,780,0,,,,,,,
BPH FAMILY MASQUE AVOCAT CHEV. SEC 250ML 1,8436097095506,572,850,0,,,,,,,
BPH FAMILY MASQUE COCO CHEV COLORES250ML,8436097095513,572,850,0,,,,,,,
BPH CREME DEPILATOIRE SOIE TB 125ML,8436097096138,760,980,0,,,,,,,
BPH CREME DEPILATOIRE ALOE VERA TB 125ML,8436097096145,760,980,0,,,,,,,
BPH SERUM ILLUMINATEUR VITAMIN C 40ML,843609709C435,1212,1800,0,,,,,,,
BPH SERUM ANTI-TACHES NIACINAk\IDE SOML,8436097096428,1212,1800,0,,,,,,,
BPH SERUM ANTI-RIDES RETINOL SOML,8436097096411,1212,1800,0,,,,,,,
BPH CREME ILLUMINATRICE VITAMIN C 50Mg,8436097095360,1009,1500,0,,,,,,,
BPH CREME ANTI-TACI-tES NIACINAMIDE SOML,8436097095353,1009,1500,0,,,,,,,
BPH CR. HYDRA-INF I 24H JOUR&NUIT SPF8 60ML NEW,8436097096039,1144,1750,0,,,,,,,
BPH CREME HYDRATANT VISAGE & CORPS POT 250ML,8436097092734,596,880,0,,,,,,,
FW SAVON GOMMANT ALOE VERA 200GR,877917005684,874,1250,0,,,,,,,
FW SAVON GOMMANT 200 GR.,877917005608,874,1250,0,,,,,,,
FW ORIGINAL GLUTATION SAVON GOMMANT 200G,3760078089051,874,1250,0,,,,,,,
FW ORIGINAL GLUTAT ON CREME TB.50 ML,3760078089105,790,1100,0,,,,,,,
FW CREME TUBE 50.ML -,3425123645391,790,1100,0,,,,,,,
FW ORIGINAL GLUTATION LAIT SOOML,3760078089020,2816,2950,0,,,,,,,
FW GOLD LAIT ACTIF ANTI-VERGETURES FL.,3760078080874,1709,1880,0,,,,,,,
EVOLUDERM BAUME DE NUIT DEFATIG ET SOML,3760100183504,1335,1800,0,,,,,,,
EVOLUDERM LAIT CORPS DELICE KARITE POMPE 500 ML p,3760100680683,660,980,0,,,,,,,
EVOLUDERM LAIT CORPS ARGAN POMPE10ÔTïIC,3760100681192,660,980,0,,,,,,,
EVOLUDERM LAIT CORPS HUILE PRECIEUSE POMPE 500 ML,3760100683486,660,980,0,,,,,,,
EVOLUDERM GEL DOUCHE ARGAN DIVIN SA,3760100173000,659,980,0,,,,,,,
EVOLUDERM GEL DOUCHE DELICE DE KAN SOOML d,3760100173024,659,980,0,,,,,,,
EVOLUDERM GEL DOUCHE ALOE VERA 500,3760100683592,659,980,0,,,,,,,
EVOLUDERM GEL DOUCHE LAVANDE 500,3760100684049,659,980,0,,,,,,,
EVOLUDERM GEL DOUCHE HUILE PRECIEUSE SOOML,3760100683479,659,980,0,,,,,,,
EVOLUDERM ANTI-IMPERFECTION SOIN SOS BOUTONS TB 15ML,3760100680034,909,1250,0,,,,,,,
EVOLUDERM ANTI-IMPERFECTIONS GEL NETT.. PURIF. PP 250ML ”,376010068002,707,1060,0,,,,,,,
EVOLUDERM ANTI-IMPERFECTION SOLUTION MICELLAIRE 250ML,3760100680010,707,1050,0,,,,,,,
EVOLUDERM ANTI-IMPERFECTIONS LOTION PURIFIANTE 200ML,3760100173208,605,900,0,,,,,,,
EVOLUDERM ANTI-IMPERFECTIONS 2EN1 NETTOYANT/MASQ TB 150ML,3760100173239,605,900,0,,,,,,,
EVOLUDERM ANTI-IMPERFECTION GEL EXFOLIANT TB 150ML g,3760100173222,605,900,0,,,,,,,
FW GOLD ULTIMATE ARGAN SAVON GOMMANT 200G,3760078080553,875,1300,0,,,,,,,
3 ANNEAUX SAVON DE MARSEILLE OLIVE 4X100GR p,3166930400147,576,850,0,,,,,,,
3 ANNEAUX SAVON DE MARSEILLE MIEL 4X100GR),3166930400130,576,850,0,,,,,,,
3 ANNEAUX SAVON DE MARSEILLE ORIGINAL 4X100GR,3166930400123,576,850,0,,,,,,,
EVOLUDERM ANTI-IMPERFECTIONS SOIN MATIF. PM-PG TB. SOML y,3760100173215,810,1210,0,,,,,,,
EVOLUDERM GEL NETTOYANT VIT.C SOOML,3760100683622,908,1350,0,,,,,,,
"EVOLUDE,RM EAU MICELLAIRE VIT.C 250ML",3760100685244,572,850,0,,,,,,,
EVOLUDERM EAU MICELLAIRE VIT.C SOOML,3760100685251,841,1250,0,,,,,,,
EVOLUDERM LOTION TONIQUE PM/PG FL.250ML,376010068295,511,760,0,,,,,,,
EVOLUDERM LOTION TONIQUE EAU DE ROSE 250 ML,376010068057,511,760,0,,,,,,,
EVOLUDERM HUILE RICIN FL 100ML,3760100680171,629,900,0,,,,,,,
LEVOTHYROX CPR SEC 75MCG B30,85857725,550,0,0,,,,,,,
LITACOLD SURUP F/100ML,85857726,500,0,0,,,,,,,
IXINE 100 MG ENFANT(OROKEN),85857704,1050,0,0,,,,,,,
IXINE 200 MG B/10 TABLET ( OROKEN),85857705,1100,0,0,,,,,,,
ELUDRIL BAIN BOUCHE FL90ML,85857674,550,0,0,,,,,,,
ENTAMIZOLE 250MG/200MG CPR BT30,85857675,900,0,0,,,,,,,
INDOCID 25MG GEL BT30,85857702,950,0,0,,,,,,,
GLUCOPHAGE 850MG CPR BT30,85857693,950,0,0,,,,,,,
EFFERALGAN NN 80MG SACHET BT12,85857672,300,0,0,,,,,,,
GENCLAV 1G/125MG PDRE SACH BT16 (ACLAV),85857688,2200,0,0,,,,,,,
EFFERALGAN 300MG SUPPO. ENFT BT10,85857667,400,0,0,,,,,,,
EAU DE MER ISO 100ML,85857663,2300,0,0,,,,,,,
CALSOURCE 500MG CPR EFF B/20,85857639,700,0,0,,,,,,,
CATACOL 10ML COLLYRE,85857640,450,0,0,,,,,,,
DOLIPRANE VIT C EFFE 500MG CPR B16,85857660,600,0,0,,,,,,,
DRENOXOL SIROP FL200ML,85857661,1000,0,0,,,,,,,
CODOLIPRANE 400MG CPR BT/16,85857650,700,0,0,,,,,,,
DEBRIDAT 100MG CPR BT/30,85857651,1350,0,0,,,,,,,
DIAMICRON MR 60MG 60TAB DR,85857652,1350,0,0,,,,,,,
DICYNONE (EGY) 500MG BT/14,85857653,900,0,0,,,,,,,
CHIBROXINE 0.3%COLLYRE FL/5ML,85857646,950,0,0,,,,,,,
BRONCATHIOL SIROP ENFANTS FL 125ML,85857634,700,0,0,,,,,,,
BRUFEN COLD 400 MG B/20TAB ( EGYPT ),85857635,800,0,0,,,,,,,
CALCIBORONATE CPR EFFER BT20,85857637,900,0,0,,,,,,,
BETAMETHASONE GH 2MG CPR B/20,85857630,800,0,0,,,,,,,
AZARGA(COSOPT) 10MG/+5ML /5ML COLLY (FR),85857623,5200,0,0,,,,,,,
AZITRO 250MG 6TB DR AZITHROMYCIN,85857624,800,0,0,,,,,,,
ATENOLOL DENK 50 MG B/100 COMP,85857619,2500,0,0,,,,,,,
TOPLEXIL SP 150ML 0.33MG/ML,3582910017516,790000,0,0,,,,,,,
ATACAND CPR 4MG B/30 (FR),85857616,3800,0,0,,,,,,,
APAZIDE 200MG GELULES B/16 (NIFUROXAZIDE),85857608,500,0,0,,,,,,,
APEXIME 500MG CPR B/3,85857609,1600,0,0,,,,,,,
AMLODIPINE ARROW 10MG CPR B/30,,900,0,0,,,,,,,
ALVITYL APPETIT SP FL/100ML,85857595,1200,0,0,,,,,,,
ALVITYL CPR B40,85857596,1350,0,0,,,,,,,
100MG/200 DOSES,212777,0,0,0,,,,,,,
RIVACLAV 312.5MG SUSP 80ML,9971410,1350,0,0,,,,,,,
RIVACLAV 228MG SUSP 70ML,9902388,1350,0,0,,,,,,,
BISACODYL 5 MG ARROW CPR 30 (DULCOLAX ),301318,850,0,0,,,,,,,
FINASTERIDE MYLAN 5MG 28 CPR,101527,2400,0,0,,,,,,,
DOLIPRANE 1G CPR B8,101103,400,0,0,,,,,,,
RIVAMOX 500 MG 20CAPS,9902419,450,0,0,,,,,,,
FASIGYNE CPR 500MG BT4,25957,1200,0,0,,,,,,,
CATHATER COURT IV 22G BLEU,8906039,70000,0,0,,,,,,,
RINGER LACTATE SOL INJECT 500 ML,6164001099020,250000,0,0,,,,,,,
TEGRETOL CR 200MG 20TB,8699504030075,1250000,0,0,,,,,,,
TEGRETOL LP 400MG CPR SECABLE 30,3298431,2250000,0,0,,,,,,,
BD MICRO FINE PLUS PEN NEEDLES 4MM,382903205202,5380000,0,0,,,,,,,
ULTRALEVURE 200MG GELU BT 10,3400922086612,2700000,0,0,,,,,,,
PARACETAMOL INJ FLACON 10MG/ML - 100ML,13122010,300000,0,0,,,,,,,
MANNITOL INFUSION 100 ML,POIHARG0809,680000,0,0,,,,,,,
CIPROFLOXACINE INFUSION 200MG/100ML DENIS,CIPRO-DEVIS,350000,0,0,,,,,,,
CARDENSIEL 5MG CPR SECABLE 30,3529741,1230000,0,0,,,,,,,
OROCAL VITAMINE D3 500MG/400 U.I 60 CPR,3400934428043,1970000,0,0,,,,,,,
ANTIBIO SYNALAR SOL AURIC 10ML,3005328,750000,0,0,,,,,,,
PEDIAKID PROBIOTIQUES-10M ETUI DE 10SACH,01FLIO4,2470000,0,0,,,,,,,
ARNICAN 4% CRM TUB 50G,3400937622073,750000,0,0,,,,,,,
PIVALONE SUSP NAS 1PC FL 10ML,3206110,950000,0,0,,,,,,,
LOXAIR 100MCG 200 DOSES,3760218110058,1150000,0,0,,,,,,,
ISOFRA SOL.NASAL 15 ML,POIFRM45,550000,0,0,,,,,,,
XALATAN COLLY 0.005 1FL 2.5ML,XLT-FR001,2230000,0,0,,,,,,,
100ML,554,0,0,0,,,,,,,
MC THERMOCY KNEE SUPORT WITH FLEXIB 3XL,8698811095388,6970000,0,0,,,,,,,
MIXTARD 30 100UI/ML FL 10ML,3612034],1400000,0,0,,,,,,,
NOVORAPID FLEXPEN 3ML ENJ,8699676950676,9690000,0,0,,,,,,,
NOVOMIX 30FLEXPEN 5*3ML,8699676950706,9770000,0,0,,,,,,,
ERYTHROPOITINE 4000IU AMP INJ,2222288,1200000,0,0,,,,,,,
ADIONE 10MG/10MG CPR 10,AD-1002,860000,0,0,,,,,,,
NEXIUM 20MG B28 GELULES,8699786040038,1250000,0,0,,,,,,,
PANSORAL GEL BUCCAL ADULT TUB 15G,3607576,1990000,0,0,,,,,,,
LAMALINE VIATRIS 16 GELULES,3400935154958,700000,0,0,,,,,,,
GENTAMICINE PAN INJ 80MG/2ML,3269501,1980000,0,0,,,,,,,
CARTEOL COLLY 2% FL3ML,3438091,1830000,0,0,,,,,,,
CARTEOL COLLYRE 1%FL 3ML,3438079,1320000,0,0,,,,,,,
AMLOR GELU 5MG BT30,3331358,1470000,0,0,,,,,,,
AMLOR 10MG GELULE 30,3331335,1710000,0,0,,,,,,,
GLUCOVANCE 500MG/5MG CP B/30,13030706,1420000,0,0,,,,,,,
ADEPAL CPR BT/21,3184064,820000,0,0,,,,,,,
APEXIME 250MG B/6,M190558,1520000,0,0,,,,,,,
DIAMOX 250 MG CPR BT24,3030527,1400000,0,0,,,,,,,
ATACAND 4 MG 30 CPR,3720290,2800000,0,0,,,,,,,
ATARAX 25MG CPR B/30,3008137,620000,0,0,,,,,,,
BONCIPRO 500 MG CPR B/20,BONC101,1500000,0,0,,,,,,,
CIPRO-DENK750MG B/10 CPR,4031571059520,2290000,0,0,,,,,,,
EXOMUC 200MG SACHET 30 SANS SUCRE,3271780,1090000,0,0,,,,,,,
MASK 3PLY B/50,POIFACE,450000,0,0,,,,,,,
DOLI (DOLIPRANE) PEDIATRIQUE SUSP,150473,500000,0,0,,,,,,,
[LATEX SIZE M/L] GANT LATEX SIZE (M) (L) B/100,2222558,1500000,0,0,,,,,,,
[DEXAFIN-2.5MG] DOXAFIN 2.5MG 150ML SYROP,545,750000,0,0,,,,,,,
DOPPELHERZ AKTIV A-Z MULTIVIT+MINERALIEN 15 EFF,73100,1020000,0,0,,,,,,,
DOPPELHERZ AKTIV CALCIUM + D3 15 EFF,79751,1000000,0,0,,,,,,,
DUPHALAC SACH DOSE 15ML BT20,3292440,930000,0,0,,,,,,,
COTON CODEX HYDRO LABELL ZIG-ZAG100G,COTO15,390000,0,0,,,,,,,
FEBRILEX CPR POCHETTE/4,710038,120000,0,0,,,,,,,
BEMIKS KOMPOZE 2ML 5AMP,8699809750029,700000,0,0,,,,,,,
JANUMET 50/1000MG 56 FILM KAPLI TABLETS,8699636090947,2900000,0,0,,,,,,,
DONORMYL 15MG CPR SECABLE 10,3675193,1350000,0,0,,,,,,,
FLUGEN 50MG/5ML PDRE SUSP BUV F/60ML,3000000626115,380000,0,0,,,,,,,
COMPRESS STERIL LABELL 40X40 BT10,COMP187,470000,0,0,,,,,,,
COMPRESS PUR LABELL 40X40 PQ10,2525,400000,0,0,,,,,,,
CUTACNYL 5% GEL DERM 40G,3282565,830000,0,0,,,,,,,
DOLO-DENK GEL 20G,4031571057472,660000,0,0,,,,,,,
BANDE GAZE LABELL 3MX5CM BOITE DE 10,BAND269,550000,0,0,,,,,,,
FUSIBACT 2% POMMANDE TUB 15G,6281269096544,700000,0,0,,,,,,,
EFFIZINC 15MG GELU BT 60,0878,2660000,0,0,,,,,,,
POUXIT XF ANTI-POUX ET LENTES LOTION 200 ML,3401051570028,4540000,0,0,,,,,,,
PEDIAKID GOMMES VITAMINE C 60OURSONS,01PGV03,2410000,0,0,,,,,,,
PEDIAKID GOMMES MULTVITAMINEES 60OURSONS,01PGM03,2410000,0,0,,,,,,,
PEDIAKID GOMMES IMMUNITE 60OURSONS,01PGI03,2410000,0,0,,,,,,,
ECONAZOLE MYLAN 1% CREME 30g TUBE/1,3773228,660000,0,0,,,,,,,
FUCIDINE 2% CRM TUB 15G,3293184,750000,0,0,,,,,,,
MYCOSTER CREM DERM 1% TB 30G,3255746,970000,0,0,,,,,,,
MYCOSEDERMYL CREME NIT/ ECANAZOLE 1% 30G,3400922151014,830000,0,0,,,,,,,
DOPPELHERZ AKTIV NACHT-KOMPLEX CAPS BT/30,20313,1050000,0,0,,,,,,,
PEDIAKID FER+VIT B SIROP 125ML,02PFE04,2410000,0,0,,,,,,,
DOPPELHERZ SYSTEM KOLLAGEN BEAUTY 30 AMP,37051,10500000,0,0,,,,,,,
PEDIAKID COLICILLUS BEBE 8ML,3700225602276,3410000,0,0,,,,,,,
DOPPELHERZ A-Z DEPOT 30TAB,45351,1310000,0,0,,,,,,,
NYSTAMAX 100 000 IU/ML SUS BUV FL 30ML,POI250925,650000,0,0,,,,,,,
GRANIONS MAGNESIUM MAX 360MG,F4002869,3040000,0,0,,,,,,,
DOPPELHERZ AKTIV CONCEPTIVE FEMME 30CAPS,35192,1680000,0,0,,,,,,,
DOPPELHERZ AKTIV HAEMO VITAL 30TAB,32095,1130000,0,0,,,,,,,
DOPPELHERZ VITAMINS FOR DIABETIC 30TABLET,46693,1250000,0,0,,,,,,,
DOPPELHERZ AKTIV IMMUNO VITAL TAB/30,39793,1270000,0,0,,,,,,,
DOPPELHERZ AKTIV KINDER OMEGA-3 SP 250ML,85892,3190000,0,0,,,,,,,
GRANIONS CHONDROSTÉO COLLAGÈNE MARIN POUDRE 280G,F4002714,6660000,0,0,,,,,,,
BT/60,2545,0,0,0,,,,,,,
DOPPELHERZ OMEGA-3 FOLIC ACIDE + B6 + B12 30CPS,38693,1540000,0,0,,,,,,,
DOPPELHERZ AKTIV MAGNESIUM+CALCIUM+D3 TBL 30,62368,940000,0,0,,,,,,,
DOPPELHERZ AKTIV COENZYM Q10+B-VIT 30CAP,89900,1490000,0,0,,,,,,,
GRANIONS VITAMINERIS ENERGIE B/30 CPS EFF,F4003410,2210000,0,0,,,,,,,
PEDIAKID TOUX SECHE&GRASSE 125ML,02PTX02,2410000,0,0,,,,,,,
PEDIAKID TRANSIT DOUX SIROP 125ML,02PTR04,2410000,0,0,,,,,,,
BIAFINE EMULS CUTANE TUBE 93G,3192282,690000,0,0,,,,,,,
NYSTASHA 100000 UI CPR VAGINAL B/14,3000000179390,600000,0,0,,,,,,,
DOPPELHERZ AKTIV CONCEPTIVE MEN 30CAPS,35292,2240000,0,0,,,,,,,
GRANIONS VITAMINERIS IMMUNITE 30 CP EFF,F4003412,3030000,0,0,,,,,,,
BENDLE 400MG CPR BT 1,POI25092025,300000,0,0,,,,,,,
DEBRIDAT 100MG CPR BT30,40,0,0,0,,,,,,,
MEGAMYLASE 200U SIROP 125ML,6021302,780000,0,0,,,,,,,
METRONIDAZOLE INJ 500MG/100ML 100ML,METR-INJ,350000,0,0,,,,,,,
RHINATHIOL PROMETHAZINE SP 125ML,3090908,990000,0,0,,,,,,,
GLUCOPHAGE 500MG CPR,57,0,0,0,,,,,,,
UTROGESTAN 100MG CAPS,58,0,0,0,,,,,,,
BETAMETHASONE 0.5MG CPR,59,0,0,0,,,,,,,
CEFTRIAXONE INJ 1 AMERICIAN,,700,800,0,sirop,,,,,,
VORMOX SIROP,,0,700,0,sirop,,,,,,
IBUPROFEN 20MG/ML SP FL/200ML,,0,950,0,sirop,,,,,,
AKTIV THYMEPECT SIROP,,0,2000,0,sirop,,,,,,
AKTIV OMEGA -3 SYRUP,,3150,3250,0,sirop,,,,,,
APIDONE BUV 125ML,,0,750,0,sirop,,,,,,
ASTAPH 125 MG/5ML,,0,850,0,sirop,,,,,,
FERCEFOL SIROP,,0,700,0,sirop,,,,,,
TRIBUTINE 0.787% SOL BUV F/250ML,,950,1050,0,sirop,,,,,,
ZYRTEC PED 1MG/ML BUV 60ML,,1850,1900,0,sirop,,,,,,
BERAZIN 15MG 5ML SIROP,,850,950,0,sirop,,,,,,
HUIL DE PARAFINE COOPER 250ML,,1200,1350,0,sirop,,,,,,
AKTIV RIBOSAN COUGH SYRUP,,2000,2100,0,sirop,,,,,,
RICHFER PLUS SIROP,,0,1150,0,sirop,,,,,,
ASTAPH 250MG SP F/60ML,,900,1000,0,sirop,,,,,,
FLAGYL SIROP FL 120ML DR,,700,900,0,sirop,,,,,,
Pediakid 22 vitamine et oligo elements,,0,2550,0,sirop,,,,,,
RHINATHIOH 5% AD SP 125ML,,800,0,0,sirop,,,,,,
VENTOLIN 2MG/5ML,,700,800,0,sirop,,,,,,
ZITHROKAN (AZITROMYCINE ) 200 MG /5 ML SUSP,,900,900,0,sirop,,,,,,
TRES ORIX FORTE SRP FL100ML,85857796,750,850,0,sirop,,,,,,01/06/2028
VISCERALGINE SIROP FL150ML,85857801,550,700,0,sirop,,,,,,01/04/2027
VOGALENE 0.4% GTTES BUV FL30ML,85857802,600,800,0,sirop,,,,,,01/09/2026
NURABOL 2MG/5ML SP ENF,85857743,600,750,0,sirop,,,,,,01/06/2028
NURABOL 4MG SP FL/125ML,85857744,800,950,0,sirop,,,,,,01/06/2028
NURAVIT SP FL125ML,85857745,850,950,0,sirop,,NU,,,,01/06/2027
PASSEDYL ENF/BB SP FL125ML,85857762,900,1050,0,sirop,,,,,,01/02/2028
MEGAMYLASE SROP 125ML FR,85857731,780,850,0,sirop,,,,,,
MANNITOL INFUSION 100 ML,,680,750,0,sirop,,,,,,
PEDIAKID NEZ-GORGE SIROP 125ML,,3410,2600,0,sirop,,,,,,
NYSTAMAX 100000IU/ML SUS BUV FL 30ML,,650,700,0,sirop,,,,,,
PEDIAKID TOUX SECHE ET GRASSE 125ML,,2410,2600,0,sirop,,,,,,
ZENTEL SUSP BUV 10ML 4%,,700,750,0,sirop,,,,,,01/10/2026
TOPLEXIL SIROP FL 150ML,,800,850,0,sirop,,,,,,01/05/2028
METOCAN INJ 2M (PRIMPERAN),,200,250,0,sirop,,,,,,01/02/2027
RINGER LACTATE SOL INJECT 500 ML,,250,320,0,sirop,,,,,,
BD MICRO FINE PLUS PEN NEEDLES 4MM,,5380,5500,0,sirop,,,,,,
BACTRIM SUSP FL/100ML DR,,800,0,0,sirop,,,,,,
HUMEX COLLUT SPRAT SS FL/35ML FR,,850,900,0,sirop,,,,,,
OROKEN ENF.100MG/5ML FL40ML,,2750,2900,0,sirop,,,,,,01/03/2027
OROKEN BB 40MG/5ML FL40ML,,1600,1700,0,sirop,,,,,,01/03/2027
VOGALENE 0.1 BUV FL/150ML,,850,1000,0,sirop,,,,,,01/02/2027
FERLIX B12 SUSP BUV FL200ML,,600,700,0,sirop,,,,,,01/08/2026
MOTILIUM SUSP BUV FL200ML,,750,800,0,sirop,,,,,,01/12/2026
FLUCAZOL SUSP sirop,,750,850,0,sirop,,,,,,01/07/2027
VERZOL SIROP,,350,400,0,sirop,,,,,,
FEBRILEX+SIROP JUNIOR 150 ML,85857679,550,680,0,sirop,,,,,,01/05/2028
FEBRILEX+SIROP150ML,85857680,550,700,0,sirop,,,,,,01/08/2028
FERROSTRANE SP 125ML,85857681,850,1100,0,sirop,,FER,,,,01/08/2028
BETASTENE GH 0.05% GETTE BUV F/30ML,85857629,850,1400,0,sirop,,,,,,
AUGMENTIN PDR EN 100 MG 60 ML,85857621,1650,1800,0,sirop,,,,,,
ALVITYL SIROP 150 ML (FR),85857597,1350,1700,0,sirop,,,,,,01/06/2027
MUCOCIL SIROP ENFFL125ML000,201720,500,550,0,sirop,,,,,,01/01/2028
PERVITAL SUSP BUVFL125ML,101595,350,650,0,sirop,,per,,,,01/10/2027
KLAMER 125MG 70ML SUSP( CALRITHROMYCINE ),12310,700,1050,0,sirop,,,,,,
VISCERALGINE SIROP 150ML,3112969,850,0,0,sirop,,,,,,
RHINATHIOL PROMETHAZINE SP 125ML,30909082,990,800,0,sirop,,,,,,
PEDIAKID GEL PREMIERES DENTS 15ML,03PGG03,1850,2000,0,sirop,,,,,,
PEDIAKID APPETIT TONUS SIROP 125ML,02PAP04,2700,2600,0,sirop,,,,,,
MEGAMLASE SP 125ML FR,3582910020592,800,1200,0,sirop,,,,,,
PEDIAKID SOMMEIL SIROP 125ML4,02PSO04,2410,2510,0,sirop,,,,,,
PEDIAKID OMEGA 3 SIROP4,02POM05,2410,2510,0,sirop,,,,,,
HUMEX COLLUT SPRAY SS FL/35ML FR50,200872,850,900,0,sirop,,,,,,01/06/2027
EFFERALGAN BB PEDIAT. BUV. FL90ML,100277,500,700,0,sirop,,,,,,01/08/2028
ORPLEX SYRUP,25004,500,550,0,sirop,,,,,,01/06/2026
DUPHALAC SOL BUV. FL200ML,100258,550,650,0,sirop,,,,,,01/04/2028
FLUDITEC SIROP 2% enf FL125ML,100344,670,750,0,sirop,,FLUD,,,,02/01/2026
FLUDITEC 5% SIROP ADULT,101273,750,850,0,sirop,,FLU,,,,02/01/2026
CLARIVER TOUX NOCT adult 150 ml,101357,1300,1450,0,sirop,,,,,,01/11/2026
CLARIVER TOUX NOCT AD 150ML,101655,1400,0,0,sirop,,,,,,01/10/2026
BRONCATHIOL SIROP AD FL150ML,102069,750,950,0,sirop,,,,,,01/03/2027
BRONCATHIOL SIROP ENFANTS FL125ML,102070,700,750,0,sirop,,,,,,01/01/2027
VENTOLINE SIROP FL/150ML DR,6726,700,800,0,sirop,,,,,,01/12/2026
VERMOX 2% SUSP . FL30ML,,600,750,0,sirop,,,,,,01/03/2027
tegretol SUSP 100 ML,,0,1050,0,sirop,,,,,,08/01/2028
KLAMER 250 MG,,1300,1500,0,sirop,,,,,,
WELLBABY DROPS VIT D3 30ML,,1040,1300,0,sirop,,,,,,
GAVISCON SUSP BUV NOUR SIROP FL150ML,,850,1000,0,sirop,,,,,,
PEDIAKID VOMISEMT,,0,2600,0,sirop,,,,,,
VEINOMIX FORT,,0,3100,0,vitamine,,,,,,
PREGNACARE BREASTFEEDING 56 TAB/28CAP,,2150,2750,0,vitamine,,,,,,
VINAMINE B12,,0,2900,0,vitamine,,,,,,
VITAMINE B12,,0,2900,0,vitamine,,,,,,
AKTIV VITAL MATERNA PLUS,,1350,1450,0,vitamine,,,,,,
JOINTACE ORIGINAL 30TAB,,1450,1550,0,vitamine,,,,,,
diabetone original 30tabs,,1200,1500,0,vitamine,,,,,,
JUVAMINE MAGNESIUM EFFERVESCENT,,0,1200,0,vitamine,,,,,,
CAC 1000 CP EFF BT/10,,600,700,0,vitamine,,,,,,
PEDIAKID 22ELLEMENT OLOGO,,0,2600,0,vitamine,,,,,,
pediakid vitamine D3,,0,2600,0,vitamine,,,,,,
BEROCCA BOOST 1PIECIE,28,0,2700,0,vitamine,,,,,,
MULTIVIT EXTRA ACTIV LAP B/20 EFF,30,0,750,0,vitamine,,,,,,
DYNAMOGEN AMP BUV B/20 FR,26,1350,1450,0,vitamine,,,,,,01/02/2030
GRANIONS VITAMINERIS SENIOR 30 CPS EFF2,F4003411,2210,2500,0,vitamine,,,,,,
OLIGOBS PROCREA F,,5400,5500,0,vitamine,,,,,,
MAG 2 AMPOULE BUVABLE 30 AMP DE 10ML,3400936382237,1650,1900,0,vitamine,,,,,,
BEROCCA ENERGIE ORANGE 30 CPE EFFER,3534510000672,300,3150,0,vitamine,,,,,,
PREGNACARE CONCEPTION 30TAB,100155,1050,1450,0,vitamine,,,,,,
JUVAMINE FIZZ 11VIT+7MIN/30,85857711,1050,1200,0,vitamine,,,,,,01/07/2028
JUVAMINE MONO VIT C 1000 EFF B/15,85857712,550,600,0,vitamine,,,,,,01/04/2028
JUVAMINE VITC 1G CPR EFF/30,85857713,1100,1150,0,vitamine,,,,,,01/06/2028
JUVAMINE VITC 500MG A CPR CROQ/30,85857714,920,950,0,vitamine,,,,,,02/02/2026
JUVAMINE VITC 500MG A CPR EFF/30,85857715,950,1000,0,vitamine,,,,,,01/06/2028
UTROGESTAN CAPS O/V 200MG B12,,1950,2500,0,vitamine,,,,,,01/10/2027
PERFECTIL ORIGINAL TRIPLE ACTIVE,,1080,1450,0,vitamine,,,,,,01/07/2027
EFFERALGAN 500MG VIT.C CPR EFFET,,450,500,0,vitamine,,,,,,01/09/2027
PEDIAKID GOMMES VITAMINS C 60 OURSONS,,2410,2510,0,vitamine,,,,,,
ACIDE FOLIQUE CCD 5MG BT 20,,500,650,0,vitamine,,,,,,
NEUROBION COMP B/20 TAP,,950,1050,0,vitamine,,,,,,
RICHFER CP BT 30,,0,1150,0,vitamine,,,,,,
OLIGOBS CROSSESSE,,0,3550,0,vitamine,,,,,,
OLIGOBS ALLAITEMENT,,3400,3500,0,vitamine,,,,,,
CALCIUM +D3 OSTEO 1000,,0,1050,0,vitamine,,,,,,
TARDYFERON SIROP NOURRISSON,,0,900,0,vitamine,,,,,,
AKTIV A-Z DEPOT,,1300,1400,0,vitamine,,,,,,
CALCID-DENK EFFER BT20,,2450,2500,0,vitamine,,,,,,
VITAMINE C 1000 MG CP,,0,650,0,vitamine,,,,,,
OROCAL CP,,0,2100,0,vitamine,,,,,,
MAG UP 24H EXPORT BTE 15 CP,,0,950,0,vitamine,,,,,,
IMMUNACE ORGINAL 30CAP,,1400,1800,0,vitamine,,,,,,
BIOHEALTH VITAMIN C 1000MG B20,,600,700,0,vitamine,,,,,,07/11/2026
NURAVIT 4MG CPR PELL B/15,,900,1000,0,vitamine,,,,,,
OMEPRAZOL INJ,,0,500,0,PARA MEDICAL,,,,,,
HCG TEST CASSETTE,,400,500,0,PARA MEDICAL,,,,,,
CHICCO 0+ PHYSIO,,1200,1300,0,PARA MEDICAL,,,,,,
"ELASTIC CREPE BANDAGE 7,5CM *4M",,0,180,0,PARA MEDICAL,,,,,,
HOLYBION INJ 2ML AMP ( BECOZYM ),,150,200,0,PARA MEDICAL,,,,,,
FLUOCARIL KIDS FRAIS 0 a 6 ans T 75ML,,0,750,0,PARA MEDICAL,,,,,,
VENOFER INJ,,0,1560,0,PARA MEDICAL,,,,,,
CHICCO GOUPILLON POUR BIBERON,,1320,1750,0,PARA MEDICAL,,,,,,
CHICCO 6+ PHYSIO,,1200,1300,0,PARA MEDICAL,,,,,,
SEAFINE,,0,850,0,PARA MEDICAL,,,,,,
CHICCO 0+ WELL BEING FER,,1920,2950,0,PARA MEDICAL,,,,,,
bondellet one call plus,,0,50,0,PARA MEDICAL,,,,,,
GOLGATE HERBAL,,0,600,0,PARA MEDICAL,,,,,,
CHICCO 2+,,1440,2200,0,PARA MEDICAL,,,,,,
SEPTIVON 1.5% CUT FL250ML,,0,900,0,PARA MEDICAL,,,,,,
BANDE GAZE LÀBELL 3M*5CM BOITE DE10,,550,650,0,PARA MEDICAL,,,,,,
KETORAL 100ML SHAMPOO,,1200,1500,0,PARA MEDICAL,,,,,,
labell spradra,,0,150,0,PARA MEDICAL,,,,,,
"SERINGUE INSULIN 0,,5 ML",,0,600,0,PARA MEDICAL,,,,,,
BISEPTINE SPRAY,,0,880,0,PARA MEDICAL,,,,,,
CHICCO DISINFETTANTE MULTI PURPOSE 0 M+,,0,1650,0,PARA MEDICAL,,,,,,
SERUM PHYSIOLOGIQUE,,0,650,0,PARA MEDICAL,,,,,,
CHICCO 0+ PERFECT EASY,,1560,1660,0,PARA MEDICAL,,,,,,
CHICCO 2+ PHYSIO,,1200,1300,0,PARA MEDICAL,,,,,,
CHICCO 4+ PHYSIO,,1200,1300,0,PARA MEDICAL,,,,,,
CHICCO 2-6 M PHYSIO FORMA,,1060,1160,0,PARA MEDICAL,,,,,,
CHICCO NATURAL BB HAIR,,1160,1260,0,PARA MEDICAL,,,,,,
CHICCO SAPONETTA,,440,540,0,PARA MEDICAL,,,,,,
BOITE CONTAINER,,0,100,0,PARA MEDICAL,,,,,,
Bemiks kompose inj,,0,160,0,PARA MEDICAL,,,,,,
LACTISYR 300ML,,1350,1450,0,PARA MEDICAL,,,,,,
GENTAMICINE PAN INJ 80MG /2ML,,1980,2100,0,PARA MEDICAL,,,,,,
GANTS STERIL PAIRE,,1500,250,0,PARA MEDICAL,,,,,,
HALDOL DECANOAS INJ 1ML BT1,,1050,1350,0,PARA MEDICAL,,,,,,
INNOTEX COCKTAIL 1*3,,300,350,0,PARA MEDICAL,,,,,,
DOLO-DENK GEL 20G,,660,700,0,PARA MEDICAL,,,,,,
OTOFA SOL. AURIC. FL10ML,85857751,1050,1000,0,PARA MEDICAL,,,,,,
SERETIDE DISKU 250/50MCG 60DOSE,85857778,3800,4050,0,PARA MEDICAL,,,,,,01/10/2026
LEUKOPLAST 5mx*18CM,,2200,2300,0,PARA MEDICAL,,,,,,06/09/2026
BIAFINE EMULS CUTANE TUBE 93G,,690,850,0,PARA MEDICAL,,,,,,
VASELINE GUAZE 10CMX10CM B/10 TULLE GRAS,,500,550,0,PARA MEDICAL,,,,,,01/09/2030
POT DE PRELEVEMENT PM URINER,,90,100,0,PARA MEDICAL,,PO,,,,
APPAREIL ON CAL PLUS,,3000,3500,0,PARA MEDICAL,,APPA,,,,
CANNE ANGLAISE EN FER,,2500,2500,0,PARA MEDICAL,,,,,,01/01/2030
HCG 25 TEST,,100,250,0,PARA MEDICAL,,HC,,,,
VENOSMIL GEL 20MG 60G,21012-5,760,840,0,PARA MEDICAL,,,,,,
EAU OXYGENEE COOPER 125ML,3400935597946,450,550,0,PARA MEDICAL,,,,,,
DAKIN COOPER SOL 250ML,3400933145262,550,600,0,PARA MEDICAL,,,,,,
GRANIONS COLLAGÈNE+ BEAUTÉ POT DE 275G,F4002328,7250,7350,0,PARA MEDICAL,,,,,,
GRANIONS SOMMEIL CHRONO,F4003160,2590,2690,0,PARA MEDICAL,,,,,,
TRIORELIEF GELULE B/24,9101091900000,450,450,0,PARA MEDICAL,,,,,,
SPARADRAP LABELL PERF 5MX18CM,8291178,2500,2600,0,PARA MEDICAL,,,,,,
COMPRESS STERIL LABELL 30X30 /10,20095,350,400,0,PARA MEDICAL,,,,,,01/05/2030
DECONTRACTYL BAUME TB80G,12,900,1000,0,PARA MEDICAL,,,,,,01/06/2027
VALDA DIET PAST BT FER 60,32,350,400,0,PARA MEDICAL,,,,,,01/05/2028
VENTOLINE AEROS FL/100UG B/I,101285,1250,1400,0,PARA MEDICAL,,,,,,01/10/2026
PBT BANDAGE 10* 4.5,102130,50,100,0,PARA MEDICAL,,,,,,01/08/2028
TENSOPLAST 2.5MX8CM,101959,1150,1400,0,PARA MEDICAL,,,,,,01/01/2028
FLECTOR GEL APPL 1% TB 60G,,0,900,0,PARA MEDICAL,,,,,,
chicco 2-6M comfort 2 PIECE,,0,1550,0,PARA MEDICAL,,,,,,
CHICCO LINGET,,0,900,0,PARA MEDICAL,,,,,,
R2678,,0,300,0,PARA MEDICAL,,,,,,
spradra,,0,150,0,PARA MEDICAL,,,,,,
FLUOCARIL BAD KIDS JUNIOR 6-13 ANS EXTRA SOFT,,800,900,0,PARA MEDICAL,,,,,,
PAINOR INJECTABLE,,0,350,0,PARA MEDICAL,,,,,,
FLIOCARIL JUNIOR FRUIT ROUGES 6 a13 ANS,,0,950,0,PARA MEDICAL,,,,,,
FLUOCARIL JUNIOR FRUIT ROUGES 6 a13 ANS,,0,950,0,PARA MEDICAL,,,,,,
ARM SLING SUPPORT 8057,,2000,2100,0,PARA MEDICAL,,,,,,
blond langet,,0,1000,0,PARA MEDICAL,,,,,,
NOBACTER SAVON PAIN,,1250,1350,0,PARA MEDICAL,,,,,,
porous capsicum plaster,,0,150,0,PARA MEDICAL,,,,,,
NEBULIZER MASK,,0,600,0,PARA MEDICAL,,,,,,
BANDAGE CREP LABELL CELLO 4M*10CM,,260,350,0,PARA MEDICAL,,,,,,
DEXAMETHASONE 4MG CPR,,0,0,0,,,,,,,
ADIARIL PDR SACHET 7G B/10,,2000,2500,0,SACHET,,,,,,
EXOMUC 200MG SACHET 30 SANS SUCRE,,1090,1150,0,SACHET,,,,,,
FERVEX SANS SUCRE ENF,,900,950,0,SACHET,,,,,,
SMECTA PDRE SACHE BT 10,,450,600,0,SACHET,,,,,,
GAVISCON SACHET BT24,,1500,1800,0,SACHET,,,,,,
"GE ORAL 20,5",,700,800,0,SACHET,,,,,,
MAGNESIE SAN PELLEGRINO,,1400,1500,0,SACHET,,,,,,
HYDRAVIT SACHET,,0,2000,0,SACHET,,,,,,
DUPHALAC 20 SACHET 15ML,101561,900,1000,0,SACHET,,,,,,01/12/2027
SUPRADYN BOOST SANS B/10 EFF80,29,2850,3000,0,SACHET,,,,,,01/12/2026
RINOGRIP SACHET BT/10,04061060,650,750,0,SACHET,,,,,,
GRANIONS COLLAGÈNE +BEAUTÉ SUBLIMLIFT 12G 10 SACHETS,F4003050,3150,3150,0,SACHET,,,,,,
PEDIAKID DIAREA ETUI DE 7 SACHETS,01PDR01,3160,3660,0,SACHET,,,,,,
LEVOTHYROX 75CG SECABLE B/3,3500714,550,650,0,SACHET,,,,,,01/02/2027
ACLAV 500MG/62.5MG SACH B/12,85857589,1650,1700,0,SACHET,,,,,,
GENCLAV 500/62.5MG PDRE SACH BT12 (ACLAV),85857689,1450,1550,0,SACHET,,,,,,01/05/2028
OPTICRON COLLYRE FL5 ML,,950,1050,0,SACHET,,OPT,,,,
fervex,,0,0,0,SACHET,,,,,,01/03/2027
SULFATE MAGNESIUM BT20 SACHETS,,100,300,0,SACHET,,SUL,,,,01/02/2028
FERVEX ADULTE SACHET BT8,,760,950,0,SACHET,,FER,,,,01/09/2027
MAALOX SUSO 20 SACH,,1100,1300,0,SACHET,,MAALOX,,,,01/12/2027
TIORFAN NRS 10 MG SACHET B/16,,2050,2400,0,SACHET,,TIOR,,,,
ONCEAIR - MONTELELUKAST 4 MG PED 28 SACH DR,,1450,1800,0,SACHET,,ON,,,,
ASPEGIC NOUR 100MG SACH BT/20,,700,850,0,SACHET,,,,,,01/09/2026
ONCEAIR MONTELUKAST 4MG SACH 28,,1450,0,0,SACHET,,,,,,01/06/2027
NASONEX 50 MCG NAS 120 DOS FL1,85857735,3850,3950,0,SACHET,,,,,,01/12/2027
DOLIMEX PARACETAMOL SAXH 200MG B/12,,330,400,0,SACHET,,,,,,
DOLIPRANE 200MG SACHE BT12,,400,500,0,SACHET,,,,,,
FORLAX SACHET B/10,,0,850,0,SACHET,,,,,,
VOGALENE SUPPO SEC 5MG B/10,,450,550,0,SUPPO,,,,,,
DESLORATADINE -GH 0.5MG SUSP BUV F/60ML,,950,950,0,SUPPO,,,,,,
SENSODYNE SOIN BLANCHEUR 75ML,85857777,700,900,0,SUPPO,,,,,,01/01/2028
COQUELUSEDAL SUPPO ENF B/10,,650,800,0,SUPPO,,,,,,01/07/2026
FAUTEUIL ROULANT AVEC TOILET,,28000,28000,0,SUPPO,,,,,,01/01/2030
ENTAMIZOLE SUSP BUV FL100ML,85857676,850,1000,0,SUPPO,,,,,,01/06/2027
DOLIPRANE 150 SUPPO B10,85857654,420,500,0,SUPPO,,DOL,,,,01/05/2026
NORMACOL LAVEMENT EN 60ML,3130743,510,650,0,SUPPO,,,,,,
ULTRALEVURE 100MG SUSP BUV S20,3400934379444,2800000,2950,0,SUPPO,,,,,,
DOLIMEX PARACETAMOL SUPPO 250MG B/10,04133008,290,400,0,SUPPO,,,,,,
DOLIMEX PARACETAMOL SUPPO 125MG B/10,04133007,300,400,0,SUPPO,,,,,,
GRISTAL NOURRISSONS SUPP,,0,600,0,SUPPO,,,,,,
COQUELUSEDAL SUP NRS B/10,,1150,1000,0,SUPPO,,,,,,
THERMOCY KNEE SUPORT WITH FLEXIB 3XL,,6970,7100,0,SUPPO,,,,,,
DOLIPRANE PEDIATRIQUE SUSP,,500,550,0,SUPPO,,,,,,
GLYSS BEBE SUPPO B10,,350,500,0,SUPPO,,,,,,
DOLIPRNE PEDIATRIQUE SUSP,,500,600,0,SUPPO,,,,,,
MICROLAX BEBE GEL 3ML *4,,2000,550,0,SUPPO,,,,,,
CARTEOL COLLY 2% FL3ML,,1830,1950,0,COLLYRE,,,,,,
DACRYOSERUM SOL POHTUNID B/20,,2300,2450,0,COLLYRE,,,,,,
XALATAN COLLYRE 0.005%,,0,2300,0,COLLYRE,,,,,,
TOBREX COLLYRE FL/5ML,,690,1250,0,COLLYRE,,,,,,
TARRAMYCIN(TETRAYCILIN OPTH),,950,1050,0,COLLYRE,,,,,,
AVAZIR 0.3% COLLYRE 10ML,,575,800,0,COLLYRE,,,,,,
VITABACT COLLYRE 10ML,,1700,1800,0,COLLYRE,,,,,,
OFUSIDE COLLYRE 0.1% 5ML,,950,1300,0,COLLYRE,,,,,,
HEXASPRAY COLLUT 30G,31,950,1050,0,COLLYRE,,,,,,01/04/2030
CIELLA 0.1% UNIDOSE B2028,1159240,1280,1350,0,COLLYRE,,,,,,
CHIBRO-CADRON COLLYRE FL5ML,85857645,650,750,0,COLLYRE,,,,,,
INDOCOLYRE 0.1% COLLYRE FL5ML,85857703,1700,1300,0,COLLYRE,,,,,,
FRAKIDEX COLLYRE FL5ML,85857685,550,650,0,COLLYRE,,,,,,01/08/2027
CIPRO 0.3 COLLYRE FL5 ML,,800,950,0,COLLYRE,,JJ,,,,01/08/2026
STERDEX POM OPHT . BT12,,1000,0,0,COLLYRE,,LL,,,,01/01/2028
MAXIDROL COLLYRE FL3ML,,700,800,0,COLLYRE,,,,,,01/08/2026
TRAVONORM COLLYRE 0.04MG/ML 5ML,85857795,2400,2780,0,COLLYRE,,,,,,
TIMOLOL SAN COLLY50 % PC5ML,85857790,1200,1250,0,COLLYRE,,,,,,01/04/2027
MAXIDROL COLLYRE FL3ML,85857730,700,1000,0,COLLYRE,,,,,,01/08/2026
POLYFRESH 0.2% COLL F/10ML,,1300,1650,0,COLLYRE,,,,,,
ORCHAZID COLLYRE,,0,1150,0,COLLYRE,,,,,,
BONCIPRO 0.3,,0,750,0,COLLYRE,,,,,,
DORZOLAMIDE / TIMOLOL 20MG/ML +5ML /ML,,0,2600,0,COLLYRE,,,,,,
BEPANTHENE CREME,,0,2500,0,CREME,,,,,,
KETODERM 2% CREME,,0,1150,0,CREME,,,,,,
SEDERMYL 0.75 CREME 35G,,770,930,0,CREME,,,,,,
KETOFLEX 2.5% CREME 20G,,530,600,0,CREME,,,,,,
FLAMMAZINE CREME TB50GR,,1000,1500,0,CREME,,,,,,
SEDORRHOIDE CREME EXPORT,,800,950,0,CREME,,SED,,,,
SEDORRHOIDE SUPP.BT8,,900,1050,0,CREME,,SE,,,,01/03/2027
DIFAL 1% GEL TUB 50GR,201702,250,600,0,CREME,,,,,,01/01/2028
DEXERYL CRE TB 250 G,101970,1850,1950,0,CREME,,,,,,
LAMISIL CREM 1% TB15G,3349594,1620,1720,0,CREME,,,,,,
FUSIBACT 2% CREME TUB 15G00,6281269105321,700,800,0,CREME,,,,,,
PHENERGAN 2% CREME 30G,6011607,650,780,0,CREME,,,,,,
DIPROSALIC PDE T/30G,3230924,990,1150,0,CREME,,,,,,
FUCIDINE 2% POM TUB 15G,3041703,750,850,0,CREME,,,,,,
ACIDE FUSIDIQUE MYLAN 2% CREME,3887570,520,600,0,CREME,,,,,,
"DIPROSONE 0,05% POM TUB 30G",3230829,1150,1200,0,CREME,,,,,,
CLOTRI-DENK 1% CREAM,4031571036040,950,1000,0,CREME,,,,,,
VOLTARENE EMULGEL TB50GR,50,650,800,0,CREME,,,,,,01/08/2027
BETADINE VAG 10% SOL.VAGINALE 125ML,100086,450,500,0,CREME,,,,,,01/03/2027
HAMAZINC CREME 30MG,,520,650,0,CREME,,,,,,
TERBISIL CREME,,600,850,0,CREME,,,,,,
ARNICAN CREME,,0,870,0,CREME,,,,,,
Kétoderm 2% créme,,1050,1150,0,CREME,,,,,,
fucidine 2% creme 15g,,700,850,0,CREME,,,,,,
INONGAN CREME,,350,450,0,CREME,,,,,,01/10/2028
PEVAGINE 1%CREAM T/30G,,850,950,0,CREME,,,,,,
PANSORAL ORAL CARE,,1950,2050,0,CREME,,,,,,
TRIO 14 TEDAVI PAKETI,,4950,5500,0,medicaments,,,,,,
ZENTEL 400 MG CPR B/1,,600,700,0,medicaments,,,,,,
DELIX 5MG 28 TAB ( RAMPRIL),,800,950,0,medicaments,,,,,,
GEL BUCCAL ADULT TUB TUB 15G,,1990,2120,0,medicaments,,,,,,
navidoxine 25mg 10 cpr,,850,0,0,medicaments,,,,,,
ATORVASTATINE GRIS 10MG CP B3,,900,1100,0,medicaments,,,,,,
ATORVASTATINE CRIS 20MG CP B30,,1100,1800,0,medicaments,,,,,,
LAMALINE VIATRIS 16 GELULES,,700,750,0,medicaments,,,,,,
ADIONE 10MG 10 CPR,,860,950,0,medicaments,,,,,,
UTROGESTAN 100MG CAPS BT30,85857798,1900,0,0,medicaments,,,,,,01/06/2027
ZYLORIC 300MG TAB(EGY),85857805,600,700,0,medicaments,,,,,,01/09/2027
BONCIPRO 500MG CPR B/20,,1500,1600,0,medicaments,,,,,,
PANADOL EXTRA CPR BT/24,,0,650,0,medicaments,,,,,,
PANADOL 500 MG ADVANCE CP B/ 16,,0,600,0,medicaments,,,,,,
XARELTO 20 M,,4500,5400,0,medicaments,,,,,,
sussina,,0,1450,0,medicaments,,,,,,
FLIXON 125 MCG 120 INHALER (FLIXONASE),,1350,1450,0,medicaments,,,,,,
VIRECTA (EGY) BT1,,400,500,0,medicaments,,,,,,
VOGALENE LYOC CP,,0,0,0,medicaments,,,,,,
MOPRAL 20 MG 14 GEL,,0,1300,0,medicaments,,,,,,
BATAMETHASONE-GH 2MG CP,,900,950,0,medicaments,,,,,,
VOLTAREN 50 MG,,0,1600,0,medicaments,,,,,,
BI PROFENID 150 MG 10 TB DR,,1100,1150,0,medicaments,,,,,,
DOXY-DENK 200MG B/8CPR,,700,1300,0,medicaments,,,,,,
CLARTEC CP B15,,0,1000,0,medicaments,,,,,,
IPP 20MG GEL B28(OMEPRAZOLE),,950,1050,0,medicaments,,,,,,
JANUMET 50/850 MG 56 TAB,,0,3700,0,medicaments,,,,,,
LEPTICUR GEL 10MG B 30,,1600,1700,0,medicaments,,,,,,
MONODOKS 100 MG 14 CAPS DR DOXYCYCLIN,,900,1000,0,medicaments,,,,,,
CORTANCYL 20MG CPR BT20,,1500,1600,0,medicaments,,,,,,
NORODOL 5MG,,0,1300,0,medicaments,,,,,,
TAMSULOSINE CRISTER 0.4MG LP 30 GEL,,1400,1500,0,medicaments,,,,,,
COTIPRED 20MG EFF B/20 PRESDNISOLONE,,1650,1750,0,medicaments,,,,,,
CANDEREL BT 100,,0,850,0,medicaments,,,,,,
CARBIGEN 5MG,,500,550,0,medicaments,,,,,,
NEUROGIL 75MG CPR B/20,,2700,2800,0,medicaments,,,,,,
CEFIXIME 200 MG B/5,,700,1100,0,medicaments,,,,,,
Glucophe 850mg,,1000,1100,0,medicaments,,,,,,
DIAMOX 250MG,,1400,1450,0,medicaments,,,,,,
AMLOR 10MG GELULE BT30,100026,1450,1750,0,medicaments,,,,,,01/08/2028
ALFUZOSINE MYL LP 10MG CAPS B/3,101758,2600,2700,0,medicaments,,,,,,01/03/2027
TRIALGIC GEL B24,102276,650,750,0,medicaments,,,,,,01/03/2028
TERBINAFINE MYLAN 250MG 28CP5,100138,3550,3600,0,medicaments,,,,,,01/03/2027
TERBINAFINE MYLAN 250MG 14 CPR,101551,2250,1600,0,medicaments,,,,,,01/03/2028
PROFENID 100MG CPR BT30,100731,1950,2050,0,medicaments,,,,,,01/12/2027
PROFENID 50MG CPR B/2450,102004,950,1050,0,medicaments,,PRO,,,,01/02/2029
GLUCOVANCE CPR 500/5MG BT30,10034,1250,1550,0,medicaments,,,,,,01/08/2026
GLUCOVANCE 500MG/2.5MG CPR B33,25352,1350,1400,0,medicaments,,,,,,01/09/2026
MICROVAL CPR BT1*28,100558,450,850,0,medicaments,,,,,,01/09/2027
IXINE 40MG NRS (OROKEN),100301,800,950,0,medicaments,,,,,,01/05/2028
IXINE 100MG ENFANT (OROKEN),100311,1050,1100,0,medicaments,,,,,,01/05/2028
TADALAFIL MYLAN 20MG 8 CPS,6644,900,1000,0,medicaments,,,,,,01/12/2027
TADALAFIL MYLAN 10MG 4 CPS,990,600,900,0,medicaments,,,,,,01/06/2028
AZITRO 500MG 3TB DR (AZITHROMYCIN),2031,750,0,0,medicaments,,,,,,01/01/2029
OLANZAPINE MYLAN 5MG 28CPS,102142,900,950,0,medicaments,,,,,,01/01/2028
PARADEL CPR 2.5MG,352361,1200,1300,0,medicaments,,PAR,,,,01/11/2027
BRUFEN COLD 400MG B/20TAB (EGYPT),150730,800,850,0,medicaments,,,,,,01/01/2027
IBUPROFENE MYLAN 400MG B 16,101530,600,550,0,medicaments,,,,,,01/08/2027
RHINOFEBRAL VIT C BT20,100759,800,850,0,medicaments,,,,,,01/09/2027
CELESTENE 2MG CPR DISP BT20,100124,1100,1150,0,medicaments,,,,,,01/03/2027
AMARYL 3MG 30TB,35041,900,0,0,medicaments,,,,,,01/05/2027
AMARYL 3MG 30TB,35042,800,1000,0,medicaments,,,,,,01/12/2027
GLUCOPHAGE 850MG BT30,56,1000,1100,0,medicaments,,,,,,
VITAMINE C 500MG CPR/30 acroq,21,0,950,0,medicaments,,,,,,
EFFERALGAN VIT C 500MG A CPR5,23,450,500,0,medicaments,,JJ,,,,01/09/2027
SPASFON CPR BT30,37,800,850,0,medicaments,,,,,,01/07/2028
ATARAX 25MG CPR B/30,41,650,750,0,medicaments,,,,,,
DECONTRACTYL 250MG CPR,13,600,650,0,medicaments,,,,,,01/07/2027
XATRAL LP 10MG CPR B36,1,4600,4700,0,medicaments,,,,,,01/08/2026
METPAMID BT30 DR METOCLOPRAMID,4,550,750,0,medicaments,,,,,,01/11/2029
DOPPELHERZ AKTIV C 1000+D3+ZINK DEPOT TBL 300,55613,1150,1200,0,medicaments,,,,,,
DOPPELHERZ VITAL MATERNA PLUS 30 CPS3,48692,1380,1450,0,medicaments,,,,,,
OSMOSOFT 50G PRES,3401579378625,690,830,0,medicaments,,,,,,
TRAMADOL DENK/50MG B/10 CPR1,4031571057281,1100,1150,0,medicaments,,,,,,
FUCICORT 20MG/1MG TUBE DE 15G,12050608,1100,1200,0,medicaments,,,,,,
EFFERALGAN 300MG SUPPO 100,3390579,400,450,0,medicaments,,,,,,
CLOTRI-DENK 100MG VAGINAL 50,4031571036033,650,750,0,medicaments,,,,,,
OMEPRAZOLE MYLAN 20 MG 28 GEL,39,1250,1300,0,medicaments,,,,,,
DOPPELHERZ AKTIV SELEN 100UG 30TAB,71392,970,1020,0,medicaments,,,,,,
DOPPELHERZ AKTIV JOINTS 1200 ULTRA 30CAPS,36051,1910,2000,0,medicaments,,,,,,
DOPPELHERZ AKTIV MAGNESIUM+CALCIUM+POTASSIUM CPR,23770,2000,2100,0,medicaments,,,,,,
DOPPELHERZ AKTIV MEN ACTIVE 30CPS,55570,2240,2540,0,medicaments,,,,,,
DOPPELHERZ AKTIV OSSEOVIT 30CPR,,1100,1150,0,medicaments,,,,,,
BENDLE ORAL SUSP 200MG/5ML,POI240825,350,400,0,medicaments,,,,,,
DOPPELHERZ AKTIV SYS OPTIMAL EYE OMEGA-3 30TAB,17292,2690,2790,0,medicaments,,,,,,
DOPPELHERZ KOLLAGEN 1000 TAB/30,4009932133769,1900,2000,0,medicaments,,,,,,
GRANIONS DECONTRACTANT MUSCULAIRE FORT,F4002594,1590,1690,0,medicaments,,,,,,
GRANIONS VEINOMIX FORT,F4003077,2040,2140,0,medicaments,,,,,,
CYSTONE TABLETS 60,8901138030018,1310,1360,0,medicaments,,,,,,
BACTRIM 400/80MG TABLET 302,8699525094636,1250,1300,0,medicaments,,,,,,
MASK 3PLY BLACK B/50,8902265450668,500,550,0,medicaments,,,,,,
NORLEVO CPR 1.5MG BT/1,3641372,1200,1350,0,medicaments,,,,,,01/04/2027
AZITRINE 500MG CP B/3,1408202320231,1350,1450,0,medicaments,,,,,,
ANTADYS CPR 100MG BT/15,3267672,860000,900,0,medicaments,,,,,,
OXYBOLDINE CPR EFF 24,3400936171039,810,950,0,medicaments,,dfdf,,,,
SPASFON 80MG CPR 30,3098608,870,950,0,medicaments,,,,,,
MAALOX CPR 400MG-400MG B/40,3582910014874,750,800,0,medicaments,,,,,,
OMEPRAZOLE MYLAN FLACON 20MG BT/28 GELULES,3400936282940,1150,1200,0,medicaments,,,,,,
ZYLPREX 10MG B/10TAB,3760218110188,590,650,0,medicaments,,,,,,
LORATADINE VIATRIS 10MG CPR BT/15,3608854,850,800,0,medicaments,,,,,,
NAVIDOXINE CPR B/10,5700001,600,900,0,medicaments,,,,,,01/10/2028
"SERINGUE BD MICRO-FINE 0,5ML 30G BT/104",382900921037,540,600,0,medicaments,,,,,,
TEGRETOL LP 200MG CPR SECABLE 30,3314874,1310,1460,0,medicaments,,,,,,
"CARDENSIEL 2,5MG CPR B/ 30",3529706,1150000,1300,0,medicaments,,,,,,
ULTRALEVURE 50MG GEL BTE 20,3400931100195,1720000,2800,0,medicaments,,,,,,
AUGMENTIN 500MG CPRB/165,101239,1750,1800,0,medicaments,,AUG,,,,01/05/2026
ELUDRIL BAIN BOUCHEFL90ML,100284,550,700,0,medicaments,,,,,,
OMEPRAZOLE CRIST 20 MGBT28,706,850,1050,0,medicaments,,,,,,
RIVACLOX 500MG 20CAPS,2263,550,650,0,medicaments,,,,,,
CHLORIDE DE SODIUM 500ML (SN),100022,1350,450,0,medicaments,,,,,,
DIFAL 50MG CPR B/30CP,105220,240,500,0,medicaments,,,,,,01/07/2028
FEROGLOBIN B12 30CAP,200793,770,1100,0,medicaments,,FER,,,,01/01/2028
AMLODIPINE ARROW 5MG CPR B/30,85857603,1000,1000,0,medicaments,,,,,,
ALDOMET 250MG CPR BT30,85857594,800,900,0,medicaments,,,,,,01/02/2027
AERIUS (FR) 5MG CPR B15,85857592,1850,1500,0,medicaments,,,,,,01/12/2026
ATACAND 16 MGBT/30 (FR),85857615,4850,4900,0,medicaments,,,,,,01/05/2027
ACTIMAG SOLUTION FL100ML,85857590,1250,1350,0,medicaments,,,,,,01/02/2027
ACLAV ENFANT 100MG /12.5MG SUSP 60ML,85857587,1470,1750,0,medicaments,,JJ,,,,01/07/2027
CLAMOXYL PDR SP 500MG 12 DO,85857648,550,650,0,medicaments,,CL,,,,01/09/2027
BIDONTOGYL 1.5M.U.I/250MG (BIRODOGYL ) B/15,85857631,2150,2250,0,medicaments,,,,,,01/02/2027
ANTALGEX T GEL B20,85857607,650,850,0,medicaments,,,,,,
EFFERALGAN 150MG SUPP . BT10,85857664,400,450,0,medicaments,,,,,,01/09/2026
DOLIPRANE 200 MG SUPPO B10,85857657,420,450,0,medicaments,,,,,,01/05/2028
ERY 500MG CPR BT20,85857677,1550,1800,0,medicaments,,,,,,01/10/2027
FLAGYL 500MG CPR B 14,85857682,600,1100,0,medicaments,,,,,,01/06/2027
FLUCAZOL (FLUCONAZOLE) CAP B10,85857683,750,800,0,medicaments,,,,,,
GENTA 0.3% GTT CY FL5ML,85857690,850,650,0,medicaments,,,,,,01/06/2028
GLUCOPHAGE 1000MG CPR B/30 FR,85857691,1050,1200,0,medicaments,,,,,,01/08/2026
GLUCOPHAGE 500MG CPR BT30,85857692,350,400,0,medicaments,,,,,,01/01/2029
GRISEFULINE 250MG CPR BT30,85857694,950,980,0,medicaments,,,,,,01/01/2029
GRISEFULINE 500MG CPR BT20,85857695,1150,1200,0,medicaments,,,,,,01/12/2027
HALDOL GTT 2MG BUV FL30ML,85857696,550,600,0,medicaments,,,,,,01/03/2027
BEROCCA CPR EFF B10,,2350,0,0,medicaments,,BER,,,,01/06/2028
TEGRETOL 200MG CPR BT 50,,1300,1550,0,medicaments,,TEG,,,,01/12/2026
ALDACTONE 25MG TB 20 DR,,900,1150,0,medicaments,,ALD,,,,01/09/2028
FOSFOMYCINE ARROW 3G GLE SOL BU SACHETTE 1,,1400,1550,0,medicaments,,FOS,,,,01/07/2027
LARGACTIL 100MG CPR B2,85857718,1200,1700,0,medicaments,,LAR,,,,01/07/2028
LASILIX FAIBLE CPR 20MG BT30,,950,1050,0,medicaments,,LAS,,,,
LASILIX CPR 40 MG,3664798032987,850,950,0,medicaments,,LAS,,,,
LOSARTAN MYLAN 50MG 28 CPR,,1100,1400,0,medicaments,,LO,,,,
LOSARTAN /HCTZ 50MG/12.5MG MYL 28 CPR,,1200,1350,0,medicaments,,LO,,,,
TENORMIE 50 MG CPR BT30,,1250,0,0,medicaments,,TEN,,,,
TENORMIE 100 MG CPR BT30,,2400,0,0,medicaments,,TEN,,,,
GAVISCON SUSP BUV FL/250ML,85857686,1100,1200,0,medicaments,,,,,,01/10/2026
EFFERALGAN 500MG GELULE B/16,85857668,400,430,0,medicaments,,,,,,01/09/2026
HYDROSOL GTT POLYV 20ML,85857699,650,900,0,medicaments,,,,,,01/08/2027
HYTACAND 16MG/12.5MG CPR B/30,85857700,2000,2350,0,medicaments,,,,,,01/08/2026
KARVEA(APROVEL) 300MG 28TB DR,85857716,1400,1500,0,medicaments,,,,,,01/08/2026
LERCANIDIPINE MYLAN 10MG CPR B30,85857720,1300,1450,0,medicaments,,BB,,,,01/10/2027
LERCANIDIPINE MYLAN 20MG CPR B30,85857721,1650,1700,0,medicaments,,HH,,,,01/11/2027
LEVOTHYROX 100MG CPR BT30,85857722,600,750,0,medicaments,,,,,,01/07/2027
LEVOTHYROX 25MG CPR BT30,85857723,200,350,0,medicaments,,,,,,01/07/2027
LEVOTHYROX 50UG CPR BT30,85857724,300,400,0,medicaments,,,,,,01/04/2027
dermo,,1000,1500,0,medicaments,,hb,,,,
MAXIDROL POM OPHT. TB3.5G,,700,700,0,medicaments,,,,,,
LOXEN 20MG CPR SEC.BT30,,1400,1450,0,medicaments,,,,,,01/07/2026
LOXEN L.P 50MG GELULES BT60,,4600,4700,0,medicaments,,,,,,
DISTEM CPR B50,,1350,1400,0,medicaments,,,,,,
PRINCI B FORT CPR TB30,,1500,1600,0,medicaments,,,,,,01/07/2028
COZAAR 50MG CPR BT 28 LOSARTAN,,900,950,0,medicaments,,COZ,,,,05/05/2028
PERFECTIL ORIGINAL TRIPLE ACTIVE,,1080,0,0,medicaments,,PERF,,,,01/06/2027
DONORMYL CPR SEC EFF B10,,1500,1650,0,medicaments,,DA,,,,01/07/2027
SIMVA-DENK 40MG B/30 (SIMVASTATIN),,3200,3300,0,medicaments,,SIM,,,,01/11/2027
GRISEFULINE 250MG CPR BT30,,950,1100,0,medicaments,,GRI,,,,
GRISEFULINE 500MG CPR BT30,,1200,1350,0,medicaments,,CRI,,,,
PROSTALEN ( ALFUZOSINE HYDROCHLORIE) TAB,,2450,2550,0,medicaments,,HHH,,,,01/10/2027
GEL LARMES 10 G,,1100,1200,0,medicaments,,FF,,,,01/04/2028
FORXIGA 10 MG TAB BT/28 ( DAPAGLIFLOZIN),,5500,7600,0,medicaments,,HH,,,,01/04/2027
NURABOL 4MG CPR B/30,,850,900,0,medicaments,,MM,,,,01/10/2027
XATRAL DN LP 10MG 30TAB,,1100,1300,0,medicaments,,LL,,,,01/12/2027
TOPALGIC LP CPR 100MG BT30,,2450,2550,0,medicaments,,JJ,,,,01/01/2028
TAVANIC 500MG 7TB DR,,1450,1550,0,medicaments,,KK,,,,01/12/2027
TAVANIC 500MG 7TB DR,,1450,1700,0,medicaments,,HH,,,,01/03/2028
DEPAKINE 500MG 40CPR,,2400,2500,0,medicaments,,,,,,01/04/2028
SIMVASTATINE MYLAN 20MG 28 CPR,,750,530,0,medicaments,,SIM,,,,01/07/2027
BICARBONATE DE SOD 250GR,,450,500,0,medicaments,,,,,,01/01/2029
TARDYFERON B9 CPR ENR BT30,,1550,1600,0,medicaments,,,,,,01/01/2027
VOLTAREN 75MG CPR BT30,,1150,1850,0,medicaments,,,,,,01/10/2027
IBEX 200MG GEL B24,,400,450,0,medicaments,,,,,,01/03/2028
TARDYFERON 80 MG 30 DR,,800,1050,0,medicaments,,,,,,01/08/2028
CARDENSIEL 5MG CPR SECABLE 30,,1230,1350,0,medicaments,,,,,,
LUTENYL 5MG CPR SEC .BT10,,1450,1500,0,medicaments,,,,,,01/09/2029
MAGNESIE PELL NORM,,1450,0,0,medicaments,,,,,,01/12/2028
AUGMENTIN PDR EN 100MG 60ML,,1650,1700,0,medicaments,,,,,,01/04/2027
INEXIUM 40MG CPR BT14,,2350,2400,0,medicaments,,,,,,01/11/2026
ADVIL CPR 400MG BT20,,700,850,0,medicaments,,,,,,
METRONIDAZOLE INJ 500MG/100ML 100ML,,350,750,0,medicaments,,,,,,
MICONAZ(EG)2% ORAL GEL TB20G,,450,600,0,medicaments,,,,,,01/05/2029
TARDYFERON 20MD/ML ENFAD,,1450,1500,0,medicaments,,,,,,01/08/2026
TARDFERON 20MG/ML NOUR FL/45ML,,850,900,0,medicaments,,,,,,01/12/2026
UROREC 4MG GEL B/30 KAP DR,,1700,1800,0,medicaments,,,,,,01/04/2028
ASPIRIN 100MG TAB 20DR,,650,750,0,medicaments,,,,,,01/09/2028
NOSPA 40MG CPR BT20,,600,700,0,medicaments,,,,,,01/11/2027
PARACETAMOL INJ FLACON 10MG/ML-100ML,,300,350,0,medicaments,,,,,,
IXINE 100MG/5ML SUSP 40ML,,930,0,0,medicaments,,,,,,
PEDIAKID GOMMES IMMUNITE 60 OURSONS,,2410,2510,0,medicaments,,,,,,
DOLIPRANE 500MG CPR BL2X8,,350,450,0,medicaments,,,,,,
GRANIONS CHONDROSTEO COLLAGENE MARIN POUDRE 280G,,6660,6760,0,medicaments,,,,,,
DITROPAN 5MG CPR BT60,,2020,2100,0,medicaments,,,,,,
NYSTASHA 100000UI CPR VAGINAL B/14,,600,550,0,medicaments,,,,,,
GRANIONS MAGNESIUM MAX 360MG,,3040,3100,0,medicaments,,,,,,
DOPPELHERZ AKTIV HAEMO VITAL 30TAB,,1130,1200,0,medicaments,,,,,,
NOZINAN CPR 25MG BT20,85857742,900,1150,0,medicaments,,,,,,01/01/2030
MOPRAL GELU 20MG BT30,85857733,2100,2000,0,medicaments,,,,,,01/08/2026
DICLO-DENK 100MG B/10SUPP,,780,830,0,medicaments,,,,,,
EFFERALGAN 1000MG CPR EFF 8,,400,500,0,medicaments,,,,,,
JANUMET 50/1000 MG 555,85857707,2550,3200,0,medicaments,,JA,,,,07/08/2027
TOPALGIC GEL 50MG BT30,85857792,1400,1550,0,medicaments,,,,,,01/06/2026
TANGANIL CPR 500MG BT30,85857784,1450,1700,0,medicaments,,,,,,01/05/2028
TENORETIC 50/12.5MG CPR B/30,85857787,1750,1850,0,medicaments,,,,,,
NEXIUM 20MG 2800,85857736,1400,1500,0,medicaments,,,,,,01/10/2026
NEXIUM 40MG 28 TAB,85857737,1750,1850,0,medicaments,,,,,,01/07/2027
NORFIX 400MG CPR PELL PLQ10,85857738,1150,1200,0,medicaments,,,,,,01/03/2027
MAALOX A CROQUER BT 40,85857728,700,750,0,medicaments,,,,,,01/07/2028
OFLOCET GTTS AURICULAIRE B20,85857746,2000,2100,0,medicaments,,,,,,01/12/2027
OMEPRAZOLE MYLAN 20MG 28GEL,85857747,1250,1150,0,medicaments,,OM,,,,01/11/2026
OMIX LP 0.4MG GEL B30 ( TAMSULOSINE ),85857748,2450,2600,0,medicaments,,JJ,,,,01/12/2026
DESLORATADINE 5MG,,0,600,0,medicaments,,,,,,
STREPSILS HONEY,,0,1300,0,medicaments,,,,,,
DEROXAT 20MG CP,,0,1100,0,medicaments,,,,,,
VASTAREL 35MG,,0,2200,0,medicaments,,,,,,
CLARITYNE 10MG,,0,1000,0,medicaments,,,,,,
ADEPAL CP BT 21,,0,700,0,medicaments,,,,,,
DULCOLAX CP B/40,,1550,1650,0,medicaments,,,,,,
coveram 10/10,,0,1700,0,medicaments,,,,,,
AMARYL 2 MG,,0,900,0,medicaments,,,,,,
ARTAN 5MG,,0,900,0,medicaments,,,,,,
BISPIRAZOL 1.5MUI 250MG (BIRODOGYL),,0,1800,0,medicaments,,,,,,
DOXYCYCLINE MYLAN 100MG 15 CP,,0,1000,0,medicaments,,,,,,
MEGAMYLASE CP B/24,,1350,1450,0,medicaments,,,,,,
EXFORGE 10/160MG 28CPR,,1400,1500,0,medicaments,,,,,,
NUCLEO FORTE GEL B20,,1800,1900,0,medicaments,,,,,,
AKLOVIR 200MG 25 TB (ACICLOVIR),,1350,1450,0,medicaments,,,,,,
SENSODYNE BROSSE A DENT PRECISION SPL,3094901304302,500,650,0,DERMO COSMETIC,,SEN,,,,
SENSODYNE RAPIDE ACTION T/75ML (FR) 3094904500015,85857775,600,1200,0,DERMO COSMETIC,,SEN,,,,01/01/2027
SENSODYNE REPAR&PROTEGE BLANCHER DENT T/75ML,85857776,700,1300,0,DERMO COSMETIC,,SE,,,,01/02/2027
MYCOSTER CREM DERM 1 TB 30G,,970,1000,0,DERMO COSMETIC,,,,,,
BANDELETTE ON CALL PLUS,,1500,2400,0,DERMO COSMETIC,,BAN,,,,
BETADINE SOL 10% SOL.DERM.FL 125ML,100085,550,650,0,DERMO COSMETIC,,,,,,01/03/2027
PERFECT 5 PP GIRL 240,,900,1100,0,DERMO COSMETIC,,,,,,
CLINDA T 30ML,,860,960,0,DERMO COSMETIC,,,,,,
BYPHASSE NIACINAMIDE CREME ANTI TACHE,,0,1800,0,DERMO COSMETIC,,,,,,
OSMO SOFT,,730,830,0,DERMO COSMETIC,,,,,,
AVAMYS 27.5MG FL/120DOSES,,1950,2000,0,SPRAY,,,,,,
PICOT 2-2EME AGE,,1200,1250,0,LAIT,,,,,,
PICOT GEST 1,,0,2900,0,LAIT,,,,,,
PICOT 3-3EME AGE,,1200,1250,0,LAIT,,,,,,
PICOT GEST 2,,0,2900,0,LAIT,,,,,,
PICOT 1-1ER AGE,,1200,1250,0,LAIT,,,,,,
ERYTHROPOIETIN INJECTABLE IP,,0,1600,0,INJECTABLE,,,,,,
DEXACAN (dexamethasone )INJECTION IP 2ML,,200,300,0,INJECTABLE,,,,,,
fucidine merhem,,0,800,0,POMMADE,,,,,,
DOUCIA PLUS 30G,105226,220,450,0,POMMADE,,,,,,01/10/2028
STERDEX POM OPHT,3138414,1060,1250,0,POMMADE,,,,,,
FUSIBACT 2% POMADA TUB 15G,,700,800,0,POMMADE,,,,,,
